item,itemLabel,image,article,rankArticle,birthDate,sitelinks,pageviews,imageAuthor,imageLicense,imageLicenseUrl
"http://www.wikidata.org/entity/Q129118","Ada Hegerberg","http://commons.wikimedia.org/wiki/Special:FilePath/20141015%20-%20PSG-Lyon%20-%200662.jpg","https://nn.wikipedia.org/wiki/Ada_Hegerberg","https://no.wikipedia.org/wiki/Ada_Hegerberg","1995-07-10T00:00:00Z","44","1931","Pierre-Yves Beaudouin","CC BY-SA 4.0","https://creativecommons.org/licenses/by-sa/4.0"
"http://www.wikidata.org/entity/Q62059870","Akor Jerome Adams","http://commons.wikimedia.org/wiki/Special:FilePath/Akor%20Adams%202023.jpg","https://no.wikipedia.org/wiki/Akor_Jerome_Adams","https://no.wikipedia.org/wiki/Akor_Jerome_Adams","2000-01-29T00:00:00Z","23","826","MHSC TV - Montpellier Hérault Sport Club","CC BY 3.0","https://creativecommons.org/licenses/by/3.0"
"http://www.wikidata.org/entity/Q105681392","Alejandro Balde","http://commons.wikimedia.org/wiki/Special:FilePath/Esapana-inglaterra-74%20%2848899354493%29.jpg","https://no.wikipedia.org/wiki/Alejandro_Balde","https://no.wikipedia.org/wiki/Alejandro_Balde","2003-10-18T00:00:00Z","48","651","Pedro Semitiel from Cehegín, España","CC BY 2.0","https://creativecommons.org/licenses/by/2.0"
"http://www.wikidata.org/entity/Q111366053","Alejandro Garnacho","http://commons.wikimedia.org/wiki/Special:FilePath/Alejandro%20Garnacho%207%20August%202022%20%28cropped%29.jpg","https://no.wikipedia.org/wiki/Alejandro_Garnacho","https://no.wikipedia.org/wiki/Alejandro_Garnacho","2004-07-01T00:00:00Z","45","879","Ardfern","CC BY-SA 4.0","https://creativecommons.org/licenses/by-sa/4.0"
"http://www.wikidata.org/entity/Q23759917","Alexander Isak","http://commons.wikimedia.org/wiki/Special:FilePath/Alexander%20Isak%20-%20Sweden%20-%20Greece21%20%28cropped%29.jpg","https://no.wikipedia.org/wiki/Alexander_Isak","https://no.wikipedia.org/wiki/Alexander_Isak","1999-09-21T00:00:00Z","59","2010","Mikael Hervestad","CC BY-SA 4.0","https://creativecommons.org/licenses/by-sa/4.0"
"http://www.wikidata.org/entity/Q13784739","Alexander Sørloth","http://commons.wikimedia.org/wiki/Special:FilePath/Alexander%20Sorloth%20France%20v%20Norway%2026%20June%2026-048.jpg","https://nn.wikipedia.org/wiki/Alexander_S%C3%B8rloth","https://no.wikipedia.org/wiki/Alexander_S%C3%B8rloth","1995-12-05T00:00:00Z","50","6346","Bryan Berlin","CC BY-SA 4.0","https://creativecommons.org/licenses/by-sa/4.0"
"http://www.wikidata.org/entity/Q33297140","Alexis Mac Allister","http://commons.wikimedia.org/wiki/Special:FilePath/Alexis%20Mac%20Allister%20Argentina%20v%20Spain%2019%20July%202026-162%20%28cropped%29.jpg","https://no.wikipedia.org/wiki/Alexis_Mac_Allister","https://no.wikipedia.org/wiki/Alexis_Mac_Allister","1998-12-24T00:00:00Z","56","919","Bryan Berlin","CC BY-SA 4.0","https://creativecommons.org/licenses/by-sa/4.0"
"http://www.wikidata.org/entity/Q40771","Alfreð Finnbogason","http://commons.wikimedia.org/wiki/Special:FilePath/Alfred%20Finnbogason.jpg","https://no.wikipedia.org/wiki/Alfre%C3%B0_Finnbogason","https://no.wikipedia.org/wiki/Alfre%C3%B0_Finnbogason","1989-02-01T00:00:00Z","52","904","Løken","CC BY-SA 4.0","https://creativecommons.org/licenses/by-sa/4.0"
"http://www.wikidata.org/entity/Q18237361","Alisson","http://commons.wikimedia.org/wiki/Special:FilePath/Alisson%20Becker%20Brazil%20V%20Morocco%2013%20June%202026-117%20%28cropped%29.jpg","https://no.wikipedia.org/wiki/Alisson_Becker","https://no.wikipedia.org/wiki/Alisson_Becker","1992-10-02T00:00:00Z","74","988","Bryan Berlin","CC BY-SA 4.0","https://creativecommons.org/licenses/by-sa/4.0"
"http://www.wikidata.org/entity/Q17745626","Amahl Pellegrino","http://commons.wikimedia.org/wiki/Special:FilePath/Pellergrino02.jpg","https://no.wikipedia.org/wiki/Amahl_Pellegrino","https://no.wikipedia.org/wiki/Amahl_Pellegrino","1990-06-18T00:00:00Z","16","1867","Jørn Sund-Henriksen","CC BY-SA 4.0","https://creativecommons.org/licenses/by-sa/4.0"
"http://www.wikidata.org/entity/Q106099213","Andreas Schjelderup","http://commons.wikimedia.org/wiki/Special:FilePath/Andreas%20Schjelderup%20France%20v%20Norway%2026%20June%2026-111.jpg","https://nn.wikipedia.org/wiki/Andreas_Schjelderup","https://no.wikipedia.org/wiki/Andreas_Schjelderup","2004-06-01T00:00:00Z","38","6816","Bryan Berlin","CC BY-SA 4.0","https://creativecommons.org/licenses/by-sa/4.0"
"http://www.wikidata.org/entity/Q106171073","Andrey Santos","http://commons.wikimedia.org/wiki/Special:FilePath/Santos%20asse%20rcsa%202425.jpg","https://no.wikipedia.org/wiki/Andrey_Santos","https://no.wikipedia.org/wiki/Andrey_Santos","2004-05-03T00:00:00Z","33","881","Paté kroute","CC0","https://creativecommons.org/publicdomain/zero/1.0/deed.en"
"http://www.wikidata.org/entity/Q2652657","Andrine Hegerberg","http://commons.wikimedia.org/wiki/Special:FilePath/20180912%20UEFA%20Women%27s%20Champions%20League%202019%20SKN%20-%20PSG%20Andrine%20Hegerberg%20DSC%204704.jpg","https://nn.wikipedia.org/wiki/Andrine_Hegerberg","https://no.wikipedia.org/wiki/Andrine_Hegerberg","1993-06-06T00:00:00Z","15","1447","Granada","CC BY-SA 4.0","https://creativecommons.org/licenses/by-sa/4.0"
"http://www.wikidata.org/entity/Q106805131","Anthony Elanga","http://commons.wikimedia.org/wiki/Special:FilePath/Anthony%20Elanga%20%28Sweden%20vs%20Moldova%2C%2012%20October%202023%29.jpg","https://no.wikipedia.org/wiki/Anthony_Elanga","https://no.wikipedia.org/wiki/Anthony_Elanga","2002-04-27T00:00:00Z","39","773","Amanda Aikioniemi","Public domain",""
"http://www.wikidata.org/entity/Q45179405","Anthony Gordon","http://commons.wikimedia.org/wiki/Special:FilePath/Anthony%20Gordon%20England%20v%20Ghana%2023%20June%202026-017%20%28cropped%29.jpg","https://no.wikipedia.org/wiki/Anthony_Gordon","https://no.wikipedia.org/wiki/Anthony_Gordon","2001-02-24T00:00:00Z","52","697","Bryan Berlin","CC BY-SA 4.0","https://creativecommons.org/licenses/by-sa/4.0"
"http://www.wikidata.org/entity/Q107357509","Antonio Nusa","http://commons.wikimedia.org/wiki/Special:FilePath/Antonio%20Nusa%20Morocco%20v%20Norway%207%20June%202026-110%20%28cropped%29.jpg","https://nn.wikipedia.org/wiki/Antonio_Nusa","https://no.wikipedia.org/wiki/Antonio_Nusa","2005-04-17T00:00:00Z","35","7770","Bryan Berlin","CC BY-SA 4.0","https://creativecommons.org/licenses/by-sa/4.0"
"http://www.wikidata.org/entity/Q1800417","Arild Østbø","http://commons.wikimedia.org/wiki/Special:FilePath/Arild%20%C3%98stb%C3%B8%20%28Viking%20Stavanger%29%20-%20Norway%20national%20under-21%20football%20team%20%2801%29.jpg","https://no.wikipedia.org/wiki/Arild_%C3%98stb%C3%B8","https://no.wikipedia.org/wiki/Arild_%C3%98stb%C3%B8","1991-04-19T00:00:00Z","11","2107","Steindy ( talk ) 11:04, 1 April 2011 (UTC)","CC BY-SA 3.0","https://creativecommons.org/licenses/by-sa/3.0"
"http://www.wikidata.org/entity/Q35314083","Aron Dønnum","http://commons.wikimedia.org/wiki/Special:FilePath/TFC-FC%20Metz%20%282023-10-01%29%20Aron%20D%C3%B8nnum%20%28cropped%29.jpg","https://nn.wikipedia.org/wiki/Aron_D%C3%B8nnum","https://no.wikipedia.org/wiki/Aron_D%C3%B8nnum","1998-04-20T00:00:00Z","15","2180","Gaillac","CC BY-SA 4.0","https://creativecommons.org/licenses/by-sa/4.0"
"http://www.wikidata.org/entity/Q50768555","Aslak Fonn Witry","http://commons.wikimedia.org/wiki/Special:FilePath/Aslak%20Fonn%20Witry%20%28Djurg%C3%A5rden%2C%202020%2C%20cropped%29.jpg","https://no.wikipedia.org/wiki/Aslak_Fonn_Witry","https://no.wikipedia.org/wiki/Aslak_Fonn_Witry","1996-03-10T00:00:00Z","13","755","Jens Backeman","CC BY-SA 4.0","https://creativecommons.org/licenses/by-sa/4.0"
"http://www.wikidata.org/entity/Q66973691","Aune Heggebø","http://commons.wikimedia.org/wiki/Special:FilePath/Krystian%20Bielik%20and%20Aune%20Heggeb%C3%B8%2004102025%20%281%29.jpg","https://nn.wikipedia.org/wiki/Aune_Heggeb%C3%B8","https://no.wikipedia.org/wiki/Aune_Heggeb%C3%B8","2001-07-29T00:00:00Z","11","1603","Timmy96","CC0","https://creativecommons.org/publicdomain/zero/1.0/deed.en"
"http://www.wikidata.org/entity/Q20641172","Birger Meling","http://commons.wikimedia.org/wiki/Special:FilePath/Rak%C3%B3w-Kopenhaga-%201%20%28Birger%20Meling%29.jpg","https://nn.wikipedia.org/wiki/Birger_Meling","https://no.wikipedia.org/wiki/Birger_Meling","1994-12-17T00:00:00Z","23","1016","Monisiolek","CC BY-SA 4.0","https://creativecommons.org/licenses/by-sa/4.0"
"http://www.wikidata.org/entity/Q99670930","Bradley Barcola","http://commons.wikimedia.org/wiki/Special:FilePath/Bradley%20Barcola%20France%20v%20Spain%207.24.26-112%20%28cropped%29.jpg","https://no.wikipedia.org/wiki/Bradley_Barcola","https://no.wikipedia.org/wiki/Bradley_Barcola","2002-09-02T00:00:00Z","52","3637","Bryan Berlin","CC BY-SA 4.0","https://creativecommons.org/licenses/by-sa/4.0"
"http://www.wikidata.org/entity/Q4979316","Bruno Fernandes","http://commons.wikimedia.org/wiki/Special:FilePath/Bruno%20Fernandes%20USMNT%20v%20Portugal%20Mar%2031%202026-27%20%28cropped%29.jpg","https://no.wikipedia.org/wiki/Bruno_Fernandes","https://no.wikipedia.org/wiki/Bruno_Fernandes","1994-09-08T00:00:00Z","67","1265","Bryan Berlin","CC BY-SA 4.0","https://creativecommons.org/licenses/by-sa/4.0"
"http://www.wikidata.org/entity/Q58323172","Bruno Guimarães","http://commons.wikimedia.org/wiki/Special:FilePath/Bruno%20Guimaraes%20Brazil%20V%20Morocco%2013%20June%202026-78%20%28cropped%29.jpg","https://no.wikipedia.org/wiki/Bruno_Guimar%C3%A3es","https://no.wikipedia.org/wiki/Bruno_Guimar%C3%A3es","1997-11-16T00:00:00Z","49","2159","Bryan Berlin","CC BY-SA 4.0","https://creativecommons.org/licenses/by-sa/4.0"
"http://www.wikidata.org/entity/Q59306386","Bukayo Saka","http://commons.wikimedia.org/wiki/Special:FilePath/Bukayo%20Saka%20England%20v%20Ghana%2023%20June%202026-057%20%28cropped%29.jpg","https://no.wikipedia.org/wiki/Bukayo_Saka","https://no.wikipedia.org/wiki/Bukayo_Saka","2001-09-05T00:00:00Z","71","723","Bryan Berlin","CC BY-SA 4.0","https://creativecommons.org/licenses/by-sa/4.0"
"http://www.wikidata.org/entity/Q3370421","Bård Finne","http://commons.wikimedia.org/wiki/Special:FilePath/Empfang%20f%C3%BCr%20den%201.%20FC%20K%C3%B6ln%20im%20Rathaus-8841.jpg","https://nn.wikipedia.org/wiki/B%C3%A5rd_Finne","https://no.wikipedia.org/wiki/B%C3%A5rd_Finne","1995-02-13T00:00:00Z","18","1346","Raimond Spekking","CC BY-SA 4.0","https://creativecommons.org/licenses/by-sa/4.0"
"http://www.wikidata.org/entity/Q113472432","Carlos Baleba","http://commons.wikimedia.org/wiki/Special:FilePath/Carlos%20Baleba%202026.jpg","https://no.wikipedia.org/wiki/Carlos_Baleba","https://no.wikipedia.org/wiki/Carlos_Baleba","2004-01-03T00:00:00Z","30","1397","Timmy96","CC0","https://creativecommons.org/publicdomain/zero/1.0/deed.en"
"http://www.wikidata.org/entity/Q97741625","Celin Bizet Dønnum","http://commons.wikimedia.org/wiki/Special:FilePath/Celin%20Bizet.png","https://nn.wikipedia.org/wiki/Celin_Bizet_D%C3%B8nnum","https://no.wikipedia.org/wiki/Celin_Bizet_D%C3%B8nnum","2001-10-24T00:00:00Z","15","964","LHC88","CC BY 4.0","https://creativecommons.org/licenses/by/4.0"
"http://www.wikidata.org/entity/Q294951","Christian Eriksen","http://commons.wikimedia.org/wiki/Special:FilePath/20140904%20-%20Christian%20Eriksen%20%28cropped%29.jpg","https://nn.wikipedia.org/wiki/Christian_Eriksen","https://no.wikipedia.org/wiki/Christian_Eriksen","1992-02-14T00:00:00Z","69","1105","Chris 0023 from Lyngby, Denmark","CC BY-SA 2.0","https://creativecommons.org/licenses/by-sa/2.0"
"http://www.wikidata.org/entity/Q5109980","Christian Nørgaard","http://commons.wikimedia.org/wiki/Special:FilePath/Christian%20N%C3%B8rgaard%2C%20Brentford%20F.C.%20footballer%2C%20May%202022.jpg","https://no.wikipedia.org/wiki/Christian_N%C3%B8rgaard","https://no.wikipedia.org/wiki/Christian_N%C3%B8rgaard","1994-03-10T00:00:00Z","36","660","Ardfern","CC BY-SA 4.0","https://creativecommons.org/licenses/by-sa/4.0"
"http://www.wikidata.org/entity/Q96182871","Christos Tzolis","http://commons.wikimedia.org/wiki/Special:FilePath/Sweden%20-%20Greece22%20%28cropped%29.jpg","https://no.wikipedia.org/wiki/Christos_Tzolis","https://no.wikipedia.org/wiki/Christos_Tzolis","2002-01-30T00:00:00Z","30","3838","Mikael Hervestad","CC BY-SA 4.0","https://creativecommons.org/licenses/by-sa/4.0"
"http://www.wikidata.org/entity/Q28801927","Cody Gakpo","http://commons.wikimedia.org/wiki/Special:FilePath/Netherlands%20v%20Tunisia%202026%20World%20Cup%20-%2055373562032%20%28Cody%20Gakpo%29.jpg","https://no.wikipedia.org/wiki/Cody_Gakpo","https://no.wikipedia.org/wiki/Cody_Gakpo","1999-05-07T00:00:00Z","61","845","elisfkc3","CC BY-SA 4.0","https://creativecommons.org/licenses/by-sa/4.0"
"http://www.wikidata.org/entity/Q11571","Cristiano Ronaldo","http://commons.wikimedia.org/wiki/Special:FilePath/Cristiano%20Ronaldo%20Croatia%20v%20Portugal%202%20July%202026-075%20%28cropped%29.jpg","https://nn.wikipedia.org/wiki/Cristiano_Ronaldo","https://no.wikipedia.org/wiki/Cristiano_Ronaldo","1985-02-05T00:00:00Z","215","8050","Bryan Berlin","CC BY-SA 4.0","https://creativecommons.org/licenses/by-sa/4.0"
"http://www.wikidata.org/entity/Q3275904","Damián Emiliano Martínez","http://commons.wikimedia.org/wiki/Special:FilePath/Emiliano%20Martinez%20Argentina%20v%20Spain%2019%20July%202026-269.jpg","https://no.wikipedia.org/wiki/Emiliano_Mart%C3%ADnez","https://no.wikipedia.org/wiki/Emiliano_Mart%C3%ADnez","1992-09-02T00:00:00Z","63","1416","Bryan Berlin","CC BY-SA 4.0","https://creativecommons.org/licenses/by-sa/4.0"
"http://www.wikidata.org/entity/Q19560313","Dani Olmo","http://commons.wikimedia.org/wiki/Special:FilePath/Dani%20Olmo%20France%20v%20Spain%207.24.26-176%20%28cropped%29.jpg","https://no.wikipedia.org/wiki/Dani_Olmo","https://no.wikipedia.org/wiki/Dani_Olmo","1998-05-07T00:00:00Z","61","625","Bryan Berlin","CC BY-SA 4.0","https://creativecommons.org/licenses/by-sa/4.0"
"http://www.wikidata.org/entity/Q620628","Daniel Fredheim Holm","http://commons.wikimedia.org/wiki/Special:FilePath/DFH%20%28cropped%29.jpg","https://nn.wikipedia.org/wiki/Daniel_Fredheim_Holm","https://no.wikipedia.org/wiki/Daniel_Fredheim_Holm","1985-07-30T00:00:00Z","13","632","Mr. Kjetil Ree","CC BY-SA 3.0","https://creativecommons.org/licenses/by-sa/3.0/"
"http://www.wikidata.org/entity/Q188457","Danny Welbeck","http://commons.wikimedia.org/wiki/Special:FilePath/Danny%20Welbeck%202018-06-13%201.jpg","https://nn.wikipedia.org/wiki/Danny_Welbeck","https://no.wikipedia.org/wiki/Danny_Welbeck","1990-11-26T00:00:00Z","64","1762","Кирилл Венедиктов","CC BY-SA 3.0","https://creativecommons.org/licenses/by-sa/3.0"
"http://www.wikidata.org/entity/Q101095985","David Møller Wolfe","http://commons.wikimedia.org/wiki/Special:FilePath/David%20Moller%20Wolfe%20France%20v%20Norway%2026%20June%2026-017%20%28cropped%29.jpg","https://nn.wikipedia.org/wiki/David_M%C3%B8ller_Wolfe","https://no.wikipedia.org/wiki/David_M%C3%B8ller_Wolfe","2002-04-23T00:00:00Z","30","2937","Bryan Berlin","CC BY-SA 4.0","https://creativecommons.org/licenses/by-sa/4.0"
"http://www.wikidata.org/entity/Q19665907","David Raya","http://commons.wikimedia.org/wiki/Special:FilePath/David%20Raya%20Argentina%20v%20Spain%2019%20July%202026-003%20%28cropped%29.jpg","https://no.wikipedia.org/wiki/David_Raya","https://no.wikipedia.org/wiki/David_Raya","1995-09-15T00:00:00Z","53","743","Bryan Berlin","CC BY-SA 4.0","https://creativecommons.org/licenses/by-sa/4.0"
"http://www.wikidata.org/entity/Q113883917","Dennis Gjengaar","http://commons.wikimedia.org/wiki/Special:FilePath/Dennis%20Gjengaar%20Red%20Bull%20Atlanta%205.31.25-18%20%28cropped%29.jpg","https://no.wikipedia.org/wiki/Dennis_Gjengaar","https://no.wikipedia.org/wiki/Dennis_Gjengaar","2004-02-24T00:00:00Z","8","1432","Bryan Berlin","CC BY-SA 4.0","https://creativecommons.org/licenses/by-sa/4.0"
"http://www.wikidata.org/entity/Q56222532","Djed Spence","http://commons.wikimedia.org/wiki/Special:FilePath/Djed%20Spence%20England%20v%20Ghana%2023%20June%202026-022.jpg","https://no.wikipedia.org/wiki/Djed_Spence","https://no.wikipedia.org/wiki/Djed_Spence","2000-08-09T00:00:00Z","35","678","Bryan Berlin","CC BY-SA 4.0","https://creativecommons.org/licenses/by-sa/4.0"
"http://www.wikidata.org/entity/Q30134278","Dominik Szoboszlai","http://commons.wikimedia.org/wiki/Special:FilePath/Dominik%20Szoboszlai%2004012026%20%281%29.jpg","https://no.wikipedia.org/wiki/Dominik_Szoboszlai","https://no.wikipedia.org/wiki/Dominik_Szoboszlai","2000-10-25T00:00:00Z","54","913","Timmy96","CC0","https://creativecommons.org/publicdomain/zero/1.0/deed.en"
"http://www.wikidata.org/entity/Q713895","Dušan Tadić","http://commons.wikimedia.org/wiki/Special:FilePath/Du%C5%A1an%20Tadi%C4%87%20%28cropped%29.jpg","https://no.wikipedia.org/wiki/Du%C5%A1an_Tadi%C4%87","https://no.wikipedia.org/wiki/Du%C5%A1an_Tadi%C4%87","1988-11-20T00:00:00Z","49","1181","Екатерина Лаут","CC BY-SA 3.0","https://creativecommons.org/licenses/by-sa/3.0"
"http://www.wikidata.org/entity/Q113131375","Edvin Austbø","http://commons.wikimedia.org/wiki/Special:FilePath/Edvin%20Austb%C3%B8%2017%20Viking%20FK%20UECL%2020250813%20%284%29.jpg","https://no.wikipedia.org/wiki/Edvin_Austb%C3%B8","https://no.wikipedia.org/wiki/Edvin_Austb%C3%B8","2005-05-01T00:00:00Z","8","4580","Zafer","CC BY 4.0","https://creativecommons.org/licenses/by/4.0"
"http://www.wikidata.org/entity/Q62617279","Egil Selvik","http://commons.wikimedia.org/wiki/Special:FilePath/Norway%20Italy%20-%20June%202025%20A%2007%20%28cropped%29.jpg","https://nn.wikipedia.org/wiki/Egil_Selvik","https://no.wikipedia.org/wiki/Egil_Selvik","1997-07-30T00:00:00Z","20","1696","MichaelEmilio","CC BY 4.0","https://creativecommons.org/licenses/by/4.0"
"http://www.wikidata.org/entity/Q139800","Elba Rashani","http://commons.wikimedia.org/wiki/Special:FilePath/Testspiel%20RB%20Salzburg%20Rosenborg%20Trondheim%20%285.%20Februar%202017%29%2047.jpg","https://no.wikipedia.org/wiki/Elba_Rashani","https://no.wikipedia.org/wiki/Elba_Rashani","1993-05-09T00:00:00Z","19","1716","Werner100359","CC BY-SA 4.0","https://creativecommons.org/licenses/by-sa/4.0"
"http://www.wikidata.org/entity/Q104762954","Elliot Anderson","http://commons.wikimedia.org/wiki/Special:FilePath/Elliot%20Anderson%20England%20v%20Ghana%2023%20June%202026-059%20%28cropped%29.jpg","https://no.wikipedia.org/wiki/Elliot_Anderson","https://no.wikipedia.org/wiki/Elliot_Anderson","2002-11-06T00:00:00Z","43","677","Bryan Berlin","CC BY-SA 4.0","https://creativecommons.org/licenses/by-sa/4.0"
"http://www.wikidata.org/entity/Q96105248","Enzo Jeremías Fernández","http://commons.wikimedia.org/wiki/Special:FilePath/Enzo%20Fernandez%20Argentina%20v%20Spain%2019%20July%202026-050%20%28cropped%29.jpg","https://no.wikipedia.org/wiki/Enzo_Fern%C3%A1ndez","https://no.wikipedia.org/wiki/Enzo_Fern%C3%A1ndez","2001-01-17T00:00:00Z","59","2863","Bryan Berlin","CC BY-SA 4.0","https://creativecommons.org/licenses/by-sa/4.0"
"http://www.wikidata.org/entity/Q28718331","Erik Botheim","http://commons.wikimedia.org/wiki/Special:FilePath/Erik%20Botheim%202021%20%28cropped%29.jpg","https://no.wikipedia.org/wiki/Erik_Botheim","https://no.wikipedia.org/wiki/Erik_Botheim","2000-01-10T00:00:00Z","17","16002","Jørn Sund-Henriksen","CC BY-SA 4.0","https://creativecommons.org/licenses/by-sa/4.0"
"http://www.wikidata.org/entity/Q29349208","Erik Tobias Sandberg","http://commons.wikimedia.org/wiki/Special:FilePath/Erik%20Tobias%20Tangen%20Sandberg%20IMG%205201.jpg","https://no.wikipedia.org/wiki/Erik_Tobias_Sandberg","https://no.wikipedia.org/wiki/Erik_Tobias_Sandberg","2000-02-27T00:00:00Z","6","1144","Kristoffer Sørdal","CC BY-SA 4.0","https://creativecommons.org/licenses/by-sa/4.0"
"http://www.wikidata.org/entity/Q28967995","Erling Braut Haaland","http://commons.wikimedia.org/wiki/Special:FilePath/Erling%20Haaland%20France%20v%20Norway%2026%20June%2026-008.jpg","https://nn.wikipedia.org/wiki/Erling_Braut_Haaland","https://no.wikipedia.org/wiki/Erling_Braut_Haaland","2000-07-21T00:00:00Z","97","25644","Bryan Berlin","CC BY-SA 4.0","https://creativecommons.org/licenses/by-sa/4.0"
"http://www.wikidata.org/entity/Q2630956","Even Hovland","http://commons.wikimedia.org/wiki/Special:FilePath/Even%20Hovland%202014.jpg","https://nn.wikipedia.org/wiki/Even_Hovland","https://no.wikipedia.org/wiki/Even_Hovland","1989-02-14T00:00:00Z","21","752","Jarlhelm","CC BY-SA 3.0","https://creativecommons.org/licenses/by-sa/3.0"
"http://www.wikidata.org/entity/Q27063854","Ezri Konsa","http://commons.wikimedia.org/wiki/Special:FilePath/Ezri%20Konsa%20England%20v%20Panama%2027%20June%2026-259%20%28cropped%29.jpg","https://no.wikipedia.org/wiki/Ezri_Konsa","https://no.wikipedia.org/wiki/Ezri_Konsa","1997-10-23T00:00:00Z","42","2050","Bryan Berlin","CC BY-SA 4.0","https://creativecommons.org/licenses/by-sa/4.0"
"http://www.wikidata.org/entity/Q29347681","Felix Horn Myhre","http://commons.wikimedia.org/wiki/Special:FilePath/Felix%20Horn%20Myhre.jpg","https://nn.wikipedia.org/wiki/Felix_Horn_Myhre","https://no.wikipedia.org/wiki/Felix_Horn_Myhre","1999-03-04T00:00:00Z","13","4870","Løken","CC BY-SA 4.0","https://creativecommons.org/licenses/by-sa/4.0"
"http://www.wikidata.org/entity/Q44297797","Ferran Torres","http://commons.wikimedia.org/wiki/Special:FilePath/Ferran%20Torres%20France%20v%20Spain%207.24.26-237%20%28cropped%29.jpg","https://no.wikipedia.org/wiki/Ferran_Torres","https://no.wikipedia.org/wiki/Ferran_Torres","2000-02-29T00:00:00Z","66","2277","Bryan Berlin","CC BY-SA 4.0","https://creativecommons.org/licenses/by-sa/4.0"
"http://www.wikidata.org/entity/Q101035007","Folarin Balogun","http://commons.wikimedia.org/wiki/Special:FilePath/Folarin%20Balogun%20Australia%20v%20USA%2019%20June%202026-64.jpg","https://no.wikipedia.org/wiki/Folarin_Balogun","https://no.wikipedia.org/wiki/Folarin_Balogun","2001-07-03T00:00:00Z","46","773","Bryan Berlin","CC BY-SA 4.0","https://creativecommons.org/licenses/by-sa/4.0"
"http://www.wikidata.org/entity/Q24007315","Fredrik André Bjørkan","http://commons.wikimedia.org/wiki/Special:FilePath/Fredrik%20Andr%C3%A9%20Bj%C3%B8rkan%20Morocco%20v%20Norway%207%20June%202026-40%20%28cropped%29.jpg","https://nn.wikipedia.org/wiki/Fredrik_Bj%C3%B8rkan","https://no.wikipedia.org/wiki/Fredrik_Bj%C3%B8rkan","1998-08-21T00:00:00Z","29","1322","Bryan Berlin","CC BY-SA 4.0","https://creativecommons.org/licenses/by-sa/4.0"
"http://www.wikidata.org/entity/Q20090180","Fredrik Aursnes","http://commons.wikimedia.org/wiki/Special:FilePath/Fredrik%20Aursnes%20France%20v%20Norway%2026%20June%2026-148.jpg","https://nn.wikipedia.org/wiki/Fredrik_Aursnes","https://no.wikipedia.org/wiki/Fredrik_Aursnes","1995-12-10T00:00:00Z","32","1570","Bryan Berlin","CC BY-SA 4.0","https://creativecommons.org/licenses/by-sa/4.0"
"http://www.wikidata.org/entity/Q3431079","Fredrik Gulbrandsen","http://commons.wikimedia.org/wiki/Special:FilePath/FC%20Admira%20Wacker%20M%C3%B6dling%20vs.%20FC%20Red%20Bull%20Salzburg%202018-04-15%20%28064%29.jpg","https://nn.wikipedia.org/wiki/Fredrik_Gulbrandsen","https://no.wikipedia.org/wiki/Fredrik_Gulbrandsen","1992-09-10T00:00:00Z","22","1924","Steindy ( talk ) 21:12, 28 August 2018 (UTC)","CC BY-SA 4.0","https://creativecommons.org/licenses/by-sa/4.0"
"http://www.wikidata.org/entity/Q19708656","Gabriel Jesus","http://commons.wikimedia.org/wiki/Special:FilePath/20180610%20FIFA%20Friendly%20Match%20Austria%20vs.%20Brazil%20Gabriel%20Jesus%20850%201688.jpg","https://no.wikipedia.org/wiki/Gabriel_Jesus","https://no.wikipedia.org/wiki/Gabriel_Jesus","1997-04-03T00:00:00Z","59","930","Granada","CC BY-SA 4.0","https://creativecommons.org/licenses/by-sa/4.0"
"http://www.wikidata.org/entity/Q61460651","Gabriel Martinelli","http://commons.wikimedia.org/wiki/Special:FilePath/Gabriel%20Martinelli%20Brazil%20V%20Morocco%2013%20June%202026-144.jpg","https://no.wikipedia.org/wiki/Gabriel_Martinelli","https://no.wikipedia.org/wiki/Gabriel_Martinelli","2001-06-18T00:00:00Z","54","689","Bryan Berlin","CC BY-SA 4.0","https://creativecommons.org/licenses/by-sa/4.0"
"http://www.wikidata.org/entity/Q20830808","Gianluigi Donnarumma","http://commons.wikimedia.org/wiki/Special:FilePath/Norway%20Italy%20-%20June%202025%20B%2033%20-%20Gianluigi%20Donnarumma%20%28close-up%29.jpg","https://nn.wikipedia.org/wiki/Gianluigi_Donnarumma","https://no.wikipedia.org/wiki/Gianluigi_Donnarumma","1999-02-25T00:00:00Z","65","1335","Original: MichaelEmilio / Derivative work: Danyele","CC BY 4.0","https://creativecommons.org/licenses/by/4.0"
"http://www.wikidata.org/entity/Q514427","Granit Xhaka","http://commons.wikimedia.org/wiki/Special:FilePath/Granit%20Xhaka%20%28cropped%29.jpg","https://nn.wikipedia.org/wiki/Granit_Xhaka","https://no.wikipedia.org/wiki/Granit_Xhaka","1992-09-27T00:00:00Z","61","686","@cfcunofficial (Chelsea Debs) London from London, UK","CC BY-SA 2.0","https://creativecommons.org/licenses/by-sa/2.0"
"http://www.wikidata.org/entity/Q5639659","Haitam Aleesami","http://commons.wikimedia.org/wiki/Special:FilePath/Haitam%20Aleesami%20%282015%2C%20crop%202%29.jpg","https://nn.wikipedia.org/wiki/Haitam_Aleesami","https://no.wikipedia.org/wiki/Haitam_Aleesami","1991-07-31T00:00:00Z","25","3476","Anders Henrikson","CC BY 2.0","https://creativecommons.org/licenses/by/2.0"
"http://www.wikidata.org/entity/Q969725","Harry Kane","http://commons.wikimedia.org/wiki/Special:FilePath/Harry%20Kane%20England%20v%20Ghana%2023%20June%202026-219%20%28cropped%29.jpg","https://nn.wikipedia.org/wiki/Harry_Kane","https://no.wikipedia.org/wiki/Harry_Kane","1993-07-28T00:00:00Z","96","2583","Bryan Berlin","CC BY-SA 4.0","https://creativecommons.org/licenses/by-sa/4.0"
"http://www.wikidata.org/entity/Q108990482","Henrik Falchener","http://commons.wikimedia.org/wiki/Special:FilePath/Henrik%20Falchener%20France%20v%20Norway%2026%20June%2026-019.jpg","https://no.wikipedia.org/wiki/Henrik_Falchener","https://no.wikipedia.org/wiki/Henrik_Falchener","2003-05-08T00:00:00Z","21","3728","Bryan Berlin","CC BY-SA 4.0","https://creativecommons.org/licenses/by-sa/4.0"
"http://www.wikidata.org/entity/Q97025559","Henrik Heggheim","http://commons.wikimedia.org/wiki/Special:FilePath/Heggheim%20%282021%29.jpg","https://no.wikipedia.org/wiki/Henrik_Heggheim","https://no.wikipedia.org/wiki/Henrik_Heggheim","2001-04-22T00:00:00Z","9","871","3point.dk","CC BY 3.0","https://creativecommons.org/licenses/by/3.0"
"http://www.wikidata.org/entity/Q29347712","Hugo Vetlesen","http://commons.wikimedia.org/wiki/Special:FilePath/FC%20Salzburg%20gegen%20Club%20Br%C3%BCgge%20%282025-08-06%20Championsleague%20Qualifikation%20Dritte%20Runde%29%2069%20%28Hugo%20Vetlesen%29.jpg","https://no.wikipedia.org/wiki/Hugo_Vetlesen","https://no.wikipedia.org/wiki/Hugo_Vetlesen","2000-02-29T00:00:00Z","17","2588","Werner100359","CC BY-SA 4.0","https://creativecommons.org/licenses/by-sa/4.0"
"http://www.wikidata.org/entity/Q53079519","Håkon Evjen","http://commons.wikimedia.org/wiki/Special:FilePath/H%C3%A5kon%20Evjen%202023.jpg","https://no.wikipedia.org/wiki/H%C3%A5kon_Evjen","https://no.wikipedia.org/wiki/H%C3%A5kon_Evjen","2000-02-14T00:00:00Z","16","765","3point.dk","CC BY 3.0","https://creativecommons.org/licenses/by/3.0"
"http://www.wikidata.org/entity/Q203037","Håvard Nielsen","http://commons.wikimedia.org/wiki/Special:FilePath/Havard%20Nielsen91.JPG","https://no.wikipedia.org/wiki/H%C3%A5vard_Nielsen","https://no.wikipedia.org/wiki/H%C3%A5vard_Nielsen","1993-07-15T00:00:00Z","24","2996","Werner100359","CC BY-SA 3.0","https://creativecommons.org/licenses/by-sa/3.0"
"http://www.wikidata.org/entity/Q105956269","Iliman Ndiaye","http://commons.wikimedia.org/wiki/Special:FilePath/Iliman%20Ndiaye%20France%20v%20Senegal%2016%20June%202026-243.jpg","https://no.wikipedia.org/wiki/Iliman_Ndiaye","https://no.wikipedia.org/wiki/Iliman_Ndiaye","2000-03-06T00:00:00Z","35","1486","Bryan Berlin","CC BY-SA 4.0","https://creativecommons.org/licenses/by-sa/4.0"
"http://www.wikidata.org/entity/Q97919252","Isak Dybvik Määttä","http://commons.wikimedia.org/wiki/Special:FilePath/Isak%20dybvik%20maata-1688594223.jpg","https://no.wikipedia.org/wiki/Isak_Dybvik_M%C3%A4%C3%A4tt%C3%A4","https://no.wikipedia.org/wiki/Isak_Dybvik_M%C3%A4%C3%A4tt%C3%A4","2001-09-19T00:00:00Z","13","1423","Bé Speelman","CC BY-SA 4.0","https://creativecommons.org/licenses/by-sa/4.0"
"http://www.wikidata.org/entity/Q97096825","Isak Hansen-Aarøen","http://commons.wikimedia.org/wiki/Special:FilePath/Isak%20Hansen-Aar%C3%B8en%202025.jpg","https://no.wikipedia.org/wiki/Isak_Hansen-Aar%C3%B8en","https://no.wikipedia.org/wiki/Isak_Hansen-Aar%C3%B8en","2004-08-22T00:00:00Z","14","3896","Ser!","CC BY-SA 4.0","https://creativecommons.org/licenses/by-sa/4.0"
"http://www.wikidata.org/entity/Q26924482","Ismaïla Sarr","http://commons.wikimedia.org/wiki/Special:FilePath/Ismaila%20Sarr%20France%20v%20Senegal%2016%20June%202026-425%20%28cropped%29.jpg","https://no.wikipedia.org/wiki/Isma%C3%AFla_Sarr","https://no.wikipedia.org/wiki/Isma%C3%AFla_Sarr","1998-02-25T00:00:00Z","46","888","Bryan Berlin","CC BY-SA 4.0","https://creativecommons.org/licenses/by-sa/4.0"
"http://www.wikidata.org/entity/Q16056053","Jack Grealish","http://commons.wikimedia.org/wiki/Special:FilePath/ManCity20240722-017%20%28cropped%29.jpg","https://no.wikipedia.org/wiki/Jack_Grealish","https://no.wikipedia.org/wiki/Jack_Grealish","1995-09-10T00:00:00Z","59","1889","Hameltion","CC BY-SA 4.0","https://creativecommons.org/licenses/by-sa/4.0"
"http://www.wikidata.org/entity/Q30148558","Jadon Sancho","http://commons.wikimedia.org/wiki/Special:FilePath/Manchester%20United%20v%20Liverpool%2C%2022%20August%202022%20%2833%29%20%28cropped%29.jpg","https://no.wikipedia.org/wiki/Jadon_Sancho","https://no.wikipedia.org/wiki/Jadon_Sancho","2000-03-25T00:00:00Z","61","855","Ardfern","CC BY-SA 4.0","https://creativecommons.org/licenses/by-sa/4.0"
"http://www.wikidata.org/entity/Q96072055","Jamal Musiala","http://commons.wikimedia.org/wiki/Special:FilePath/Jamal%20Musiala%20Ecuador%20v%20Germany%2025%20June%202026-174%20%28cropped%29.jpg","https://no.wikipedia.org/wiki/Jamal_Musiala","https://no.wikipedia.org/wiki/Jamal_Musiala","2003-02-26T00:00:00Z","60","745","Bryan Berlin","CC BY-SA 4.0","https://creativecommons.org/licenses/by-sa/4.0"
"http://www.wikidata.org/entity/Q107985608","James Trafford","http://commons.wikimedia.org/wiki/Special:FilePath/James%20Trafford%20England%20v%20Ghana%2023%20June%202026-027.jpg","https://no.wikipedia.org/wiki/James_Trafford","https://no.wikipedia.org/wiki/James_Trafford","2002-10-10T00:00:00Z","37","699","Bryan Berlin","CC BY-SA 4.0","https://creativecommons.org/licenses/by-sa/4.0"
"http://www.wikidata.org/entity/Q6147586","Jamie Vardy","http://commons.wikimedia.org/wiki/Special:FilePath/Jamie%20Vardy%202018.jpg","https://no.wikipedia.org/wiki/Jamie_Vardy","https://no.wikipedia.org/wiki/Jamie_Vardy","1987-01-11T00:00:00Z","67","1489","Кирилл Венедиктов","CC BY-SA 3.0","https://creativecommons.org/licenses/by-sa/3.0"
"http://www.wikidata.org/entity/Q24007299","Jens Petter Hauge","http://commons.wikimedia.org/wiki/Special:FilePath/Jens%20Petter%20Hauge%20France%20v%20Norway%2026%20June%2026-016.jpg","https://nn.wikipedia.org/wiki/Jens_Petter_Hauge","https://no.wikipedia.org/wiki/Jens_Petter_Hauge","1999-10-12T00:00:00Z","38","2299","Bryan Berlin","CC BY-SA 4.0","https://creativecommons.org/licenses/by-sa/4.0"
"http://www.wikidata.org/entity/Q96483798","Jesper Daland","http://commons.wikimedia.org/wiki/Special:FilePath/JesperDalandjunui2024.jpg","https://no.wikipedia.org/wiki/Jesper_Daland","https://no.wikipedia.org/wiki/Jesper_Daland","2000-01-06T00:00:00Z","14","3631","Cercletitoke","CC0","https://creativecommons.org/publicdomain/zero/1.0/deed.en"
"http://www.wikidata.org/entity/Q1689894","Jo Inge Berget","http://commons.wikimedia.org/wiki/Special:FilePath/Jo%20Inge%20Berget%20-%202009-09-27%20at%2020-09-20.jpg","https://nn.wikipedia.org/wiki/Jo_Inge_Berget","https://no.wikipedia.org/wiki/Jo_Inge_Berget","1990-09-11T00:00:00Z","24","1681","Kjetil Ree","CC BY-SA 3.0","https://creativecommons.org/licenses/by-sa/3.0"
"http://www.wikidata.org/entity/Q35229001","Joachim Soltvedt","http://commons.wikimedia.org/wiki/Special:FilePath/Joachim%20Soltvedt%20-%20SK%20Brann%20-%2053881393939%20%28cropped%29.jpg","https://no.wikipedia.org/wiki/Joachim_Soltvedt","https://no.wikipedia.org/wiki/Joachim_Soltvedt","1995-09-09T00:00:00Z","7","704","Carlo Bruil Fotografie","CC BY 2.0","https://creativecommons.org/licenses/by/2.0"
"http://www.wikidata.org/entity/Q108217373","Joel Mvuka","http://commons.wikimedia.org/wiki/Special:FilePath/Joel%20Mvuka.jpg","https://no.wikipedia.org/wiki/Joel_Mvuka","https://no.wikipedia.org/wiki/Joel_Mvuka","2002-11-12T00:00:00Z","11","3573","Jørn Sund-Henriksen","CC BY-SA 4.0","https://creativecommons.org/licenses/by-sa/4.0"
"http://www.wikidata.org/entity/Q106623308","Johan Bakke","http://commons.wikimedia.org/wiki/Special:FilePath/Johan%20Bakke%20Sogndal-Jerv-021021-1-3.jpg","https://no.wikipedia.org/wiki/Johan_Bakke","https://no.wikipedia.org/wiki/Johan_Bakke","2004-05-01T00:00:00Z","6","769","Bjørn Erik Pedersen","CC BY-SA 4.0","https://creativecommons.org/licenses/by-sa/4.0"
"http://www.wikidata.org/entity/Q530518","Jonas Svensson","http://commons.wikimedia.org/wiki/Special:FilePath/Jonas%20Svensson%2020240116%20%28cropped%29.jpg","https://nn.wikipedia.org/wiki/Jonas_Svensson","https://no.wikipedia.org/wiki/Jonas_Svensson","1993-03-06T00:00:00Z","21","1261","Beşiktaş JK","CC BY 2.0","https://creativecommons.org/licenses/by/2.0"
"http://www.wikidata.org/entity/Q273715","Jordan Henderson","http://commons.wikimedia.org/wiki/Special:FilePath/Jordan%20Henderson%20England%20v%20Ghana%2023%20June%202026-029%20%28cropped%29.jpg","https://nn.wikipedia.org/wiki/Jordan_Henderson","https://no.wikipedia.org/wiki/Jordan_Henderson","1990-06-17T00:00:00Z","77","1296","Bryan Berlin","CC BY-SA 4.0","https://creativecommons.org/licenses/by-sa/4.0"
"http://www.wikidata.org/entity/Q130753807","Josefine Birkelund","http://commons.wikimedia.org/wiki/Special:FilePath/Josefine%20Birkelund.jpg","https://no.wikipedia.org/wiki/Josefine_Birkelund","https://no.wikipedia.org/wiki/Josefine_Birkelund","2004-08-07T00:00:00Z","1","842","Løken","CC BY-SA 4.0","https://creativecommons.org/licenses/by-sa/4.0"
"http://www.wikidata.org/entity/Q436237","Joshua King","http://commons.wikimedia.org/wiki/Special:FilePath/King%20asse%20tfc%202425.png","https://nn.wikipedia.org/wiki/Joshua_King","https://no.wikipedia.org/wiki/Joshua_King","1992-01-15T00:00:00Z","36","3247","Paté kroute","CC0","https://creativecommons.org/publicdomain/zero/1.0/deed.en"
"http://www.wikidata.org/entity/Q52161606","Joshua Kitolano","http://commons.wikimedia.org/wiki/Special:FilePath/GAE%20-%20Sparta%20Rotterdam%20-%2053278200750%20%28cropped%29.jpg","https://no.wikipedia.org/wiki/Joshua_Kitolano","https://no.wikipedia.org/wiki/Joshua_Kitolano","2001-08-03T00:00:00Z","12","5021","Carlo Bruil Fotografie","CC BY 2.0","https://creativecommons.org/licenses/by/2.0"
"http://www.wikidata.org/entity/Q66241169","Jude Bellingham","http://commons.wikimedia.org/wiki/Special:FilePath/Jude%20Bellingham%20England%20v%20Ghana%2023%20June%202026-061%20%28cropped%29.jpg","https://no.wikipedia.org/wiki/Jude_Bellingham","https://no.wikipedia.org/wiki/Jude_Bellingham","2003-06-29T00:00:00Z","77","2138","Bryan Berlin","CC BY-SA 4.0","https://creativecommons.org/licenses/by-sa/4.0"
"http://www.wikidata.org/entity/Q59381180","Julián Álvarez","http://commons.wikimedia.org/wiki/Special:FilePath/Julian%20Alvarez%20Argentina%20v%20Spain%2019%20July%202026-052%20%28cropped%29.jpg","https://no.wikipedia.org/wiki/Juli%C3%A1n_%C3%81lvarez","https://no.wikipedia.org/wiki/Juli%C3%A1n_%C3%81lvarez","2000-01-31T00:00:00Z","62","884","Bryan Berlin","CC BY-SA 4.0","https://creativecommons.org/licenses/by-sa/4.0"
"http://www.wikidata.org/entity/Q28717698","Julian Ryerson","http://commons.wikimedia.org/wiki/Special:FilePath/Julian%20Ryerson%20Morocco%20v%20Norway%207%20June%202026-200%20%28cropped%29.jpg","https://nn.wikipedia.org/wiki/Julian_Ryerson","https://no.wikipedia.org/wiki/Julian_Ryerson","1997-11-17T00:00:00Z","43","3532","Bryan Berlin","CC BY-SA 4.0","https://creativecommons.org/licenses/by-sa/4.0"
"http://www.wikidata.org/entity/Q28933132","Jørgen Strand Larsen","http://commons.wikimedia.org/wiki/Special:FilePath/Jorgen%20Strand%20Larsen%20France%20v%20Norway%2026%20June%2026-152.jpg","https://nn.wikipedia.org/wiki/J%C3%B8rgen_Strand_Larsen","https://no.wikipedia.org/wiki/J%C3%B8rgen_Strand_Larsen","2000-02-06T00:00:00Z","35","3441","Bryan Berlin","CC BY-SA 4.0","https://creativecommons.org/licenses/by-sa/4.0"
"http://www.wikidata.org/entity/Q56424307","Karim Adeyemi","http://commons.wikimedia.org/wiki/Special:FilePath/FC%20RB%20Salzburg%20gegen%20SK%20Sturm%20Graz%20%282022-03-13%29%2056%20%28cropped%29.jpg","https://no.wikipedia.org/wiki/Karim_Adeyemi","https://no.wikipedia.org/wiki/Karim_Adeyemi","2002-01-18T00:00:00Z","49","1277","Werner100359","CC BY-SA 4.0","https://creativecommons.org/licenses/by-sa/4.0"
"http://www.wikidata.org/entity/Q357984","Kevin De Bruyne","http://commons.wikimedia.org/wiki/Special:FilePath/Kevin%20De%20Bruyne%20USMNT%20v%20Belgium%20Mar%2028%202026-64%20%28cropped%29.jpg","https://nn.wikipedia.org/wiki/Kevin_De_Bruyne","https://no.wikipedia.org/wiki/Kevin_De_Bruyne","1991-06-28T00:00:00Z","92","1103","Bryan Berlin","CC BY-SA 4.0","https://creativecommons.org/licenses/by-sa/4.0"
"http://www.wikidata.org/entity/Q19378157","Kristian Eriksen","http://commons.wikimedia.org/wiki/Special:FilePath/Kristian%20Eriksen%20Ham-Kam%202015.jpg","https://no.wikipedia.org/wiki/Kristian_Eriksen","https://no.wikipedia.org/wiki/Kristian_Eriksen","1995-07-18T00:00:00Z","8","1454","Cato Edvardsen","CC BY-SA 3.0","https://creativecommons.org/licenses/by-sa/3.0"
"http://www.wikidata.org/entity/Q17058197","Kristian Fardal Opseth","http://commons.wikimedia.org/wiki/Special:FilePath/Kristian%20Fardal%20Opseth%202016%20%28cropped%29.jpg","https://no.wikipedia.org/wiki/Kristian_Fardal_Opseth","https://no.wikipedia.org/wiki/Kristian_Fardal_Opseth","1990-01-06T00:00:00Z","6","855","Bjørn Erik Pedersen","CC BY-SA 4.0","https://creativecommons.org/licenses/by-sa/4.0"
"http://www.wikidata.org/entity/Q61721648","Kristian Thorstvedt","http://commons.wikimedia.org/wiki/Special:FilePath/Kristian%20Thorstvedt%20France%20v%20Norway%2026%20June%2026-015.jpg","https://nn.wikipedia.org/wiki/Kristian_Thorstvedt","https://no.wikipedia.org/wiki/Kristian_Thorstvedt","1999-03-13T00:00:00Z","33","1433","Bryan Berlin","CC BY-SA 4.0","https://creativecommons.org/licenses/by-sa/4.0"
"http://www.wikidata.org/entity/Q18157457","Kristoffer Ajer","http://commons.wikimedia.org/wiki/Special:FilePath/Kristoffer%20Vassbakk%20Ajer%20France%20v%20Norway%2026%20June%2026-013.jpg","https://nn.wikipedia.org/wiki/Kristoffer_Ajer","https://no.wikipedia.org/wiki/Kristoffer_Ajer","1998-04-17T00:00:00Z","35","2111","Bryan Berlin","CC BY-SA 4.0","https://creativecommons.org/licenses/by-sa/4.0"
"http://www.wikidata.org/entity/Q61080401","Kristoffer Askildsen","http://commons.wikimedia.org/wiki/Special:FilePath/Kristoffer%20Askildsen%2019%20Viking%20FK%20UECL%2020250813%20%281%29.jpg","https://no.wikipedia.org/wiki/Kristoffer_Askildsen","https://no.wikipedia.org/wiki/Kristoffer_Askildsen","2001-01-09T00:00:00Z","13","1264","Zafer","CC BY 4.0","https://creativecommons.org/licenses/by/4.0"
"http://www.wikidata.org/entity/Q16236189","Kristoffer Haugen","http://commons.wikimedia.org/wiki/Special:FilePath/Kristoffer%20Haugen.JPG","https://no.wikipedia.org/wiki/Kristoffer_Haugen","https://no.wikipedia.org/wiki/Kristoffer_Haugen","1994-02-21T00:00:00Z","10","681","Jarle Vines","CC BY 3.0","https://creativecommons.org/licenses/by/3.0"
"http://www.wikidata.org/entity/Q29415698","Kristoffer Zachariassen","http://commons.wikimedia.org/wiki/Special:FilePath/FC%20Salzburg%20vs.%20Ferencv%C3%A1ros%20Budapest%20%282025-10-23%20UEFA%20Euroleague%29%2033%20%28Kristoffer%20Zachariassen%29.jpg","https://no.wikipedia.org/wiki/Kristoffer_Zachariassen","https://no.wikipedia.org/wiki/Kristoffer_Zachariassen","1994-01-27T00:00:00Z","10","1434","Werner100359","CC BY-SA 4.0","https://creativecommons.org/licenses/by-sa/4.0"
"http://www.wikidata.org/entity/Q113704154","Lamine Yamal","http://commons.wikimedia.org/wiki/Special:FilePath/Lamine%20Yamal%20Argentina%20v%20Spain%2019%20July%202026-214%20%28cropped%29.jpg","https://no.wikipedia.org/wiki/Lamine_Yamal","https://no.wikipedia.org/wiki/Lamine_Yamal","2007-07-13T00:00:00Z","95","5086","Bryan Berlin","CC BY-SA 4.0","https://creativecommons.org/licenses/by-sa/4.0"
"http://www.wikidata.org/entity/Q20261219","Lars-Jørgen Salvesen","http://commons.wikimedia.org/wiki/Special:FilePath/Lars-J%C3%B8rgen%20Salvesen%2025042026%20%281%29.jpg","https://no.wikipedia.org/wiki/Lars-J%C3%B8rgen_Salvesen","https://no.wikipedia.org/wiki/Lars-J%C3%B8rgen_Salvesen","1996-02-19T00:00:00Z","7","1133","Timmy96","CC0","https://creativecommons.org/publicdomain/zero/1.0/deed.en"
"http://www.wikidata.org/entity/Q99293508","Lasse Selvåg Nordås","http://commons.wikimedia.org/wiki/Special:FilePath/LasseNordasAugust2025.jpg","https://no.wikipedia.org/wiki/Lasse_Selv%C3%A5g_Nord%C3%A5s","https://no.wikipedia.org/wiki/Lasse_Selv%C3%A5g_Nord%C3%A5s","2002-02-10T00:00:00Z","10","1521","Lax","CC BY-SA 4.0","https://creativecommons.org/licenses/by-sa/4.0"
"http://www.wikidata.org/entity/Q630170","Leandro Paredes","http://commons.wikimedia.org/wiki/Special:FilePath/Leandro%20Paredes%20Argentina%20v%20Egypt%207%20July%202026-048.jpg","https://no.wikipedia.org/wiki/Leandro_Paredes","https://no.wikipedia.org/wiki/Leandro_Paredes","1994-06-29T00:00:00Z","55","1129","Bryan Berlin","CC BY-SA 4.0","https://creativecommons.org/licenses/by-sa/4.0"
"http://www.wikidata.org/entity/Q14373612","Lene Olsen","http://commons.wikimedia.org/wiki/Special:FilePath/Thomas%20Lehne%20Olsen%2001.jpg","https://no.wikipedia.org/wiki/Thomas_Lehne_Olsen","https://no.wikipedia.org/wiki/Thomas_Lehne_Olsen","1991-06-29T00:00:00Z","11","1619","Cato Edvardsen","CC BY-SA 3.0","https://creativecommons.org/licenses/by-sa/3.0"
"http://www.wikidata.org/entity/Q30330390","Leo Østigård","http://commons.wikimedia.org/wiki/Special:FilePath/Leo%20Ostigard%20Morocco%20v%20Norway%207%20June%202026-42.jpg","https://nn.wikipedia.org/wiki/Leo_%C3%98stig%C3%A5rd","https://no.wikipedia.org/wiki/Leo_Skiri_%C3%98stig%C3%A5rd","1999-11-28T00:00:00Z","37","1704","Bryan Berlin","CC BY-SA 4.0","https://creativecommons.org/licenses/by-sa/4.0"
"http://www.wikidata.org/entity/Q99584177","Liam Delap","http://commons.wikimedia.org/wiki/Special:FilePath/Liam%20Delap%20in%202025.jpg","https://no.wikipedia.org/wiki/Liam_Delap","https://no.wikipedia.org/wiki/Liam_Delap","2003-02-08T00:00:00Z","37","774","The White House","Public domain",""
"http://www.wikidata.org/entity/Q615","Lionel Messi","http://commons.wikimedia.org/wiki/Special:FilePath/Leo%20Messi%20Argentina%20v%20Egypt%207%20July%202026-1.jpg","https://nn.wikipedia.org/wiki/Lionel_Messi","https://no.wikipedia.org/wiki/Lionel_Messi","1987-06-24T00:00:00Z","225","5415","Bryan Berlin","CC BY-SA 4.0","https://creativecommons.org/licenses/by-sa/4.0"
"http://www.wikidata.org/entity/Q112949","Magnus Wolff Eikrem","http://commons.wikimedia.org/wiki/Special:FilePath/Magnus%20Wolff%20Eikrem%20%28Molde%20FK%29%20-%20Norway%20national%20under-21%20football%20team%20%2801%29.jpg","https://nn.wikipedia.org/wiki/Magnus_Eikrem","https://no.wikipedia.org/wiki/Magnus_Wolff_Eikrem","1990-08-08T00:00:00Z","26","1635","Steindy ( talk ) 11:56, 1 April 2011 (UTC)","CC BY-SA 3.0","https://creativecommons.org/licenses/by-sa/3.0"
"http://www.wikidata.org/entity/Q107365","Manuel Neuer","http://commons.wikimedia.org/wiki/Special:FilePath/Manuel%20Neuer%20Ecuador%20v%20Germany%2025%20June%202026-148.jpg","https://nn.wikipedia.org/wiki/Manuel_Neuer","https://no.wikipedia.org/wiki/Manuel_Neuer","1986-03-27T00:00:00Z","99","733","Bryan Berlin","CC BY-SA 4.0","https://creativecommons.org/licenses/by-sa/4.0"
"http://www.wikidata.org/entity/Q22082505","Marc Cucurella","http://commons.wikimedia.org/wiki/Special:FilePath/Marc%20Cucurella%20Argentina%20v%20Spain%2019%20July%202026-064%20%28cropped%29.jpg","https://no.wikipedia.org/wiki/Marc_Cucurella","https://no.wikipedia.org/wiki/Marc_Cucurella","1998-07-22T00:00:00Z","58","1854","Bryan Berlin","CC BY-SA 4.0","https://creativecommons.org/licenses/by-sa/4.0"
"http://www.wikidata.org/entity/Q59268631","Marcus Holmgren Pedersen","http://commons.wikimedia.org/wiki/Special:FilePath/Marcus%20Holmgren%20Pedersen%20France%20v%20Norway%2026%20June%2026-010.jpg","https://nn.wikipedia.org/wiki/Marcus_Holmgren_Pedersen","https://no.wikipedia.org/wiki/Marcus_Holmgren_Pedersen","2000-07-16T00:00:00Z","32","1752","Bryan Berlin","CC BY-SA 4.0","https://creativecommons.org/licenses/by-sa/4.0"
"http://www.wikidata.org/entity/Q1894303","Marcus Pedersen","http://commons.wikimedia.org/wiki/Special:FilePath/Marcus%20Pedersen%20%28Vitesse%20Arnhem%29%20-%20Norway%20national%20under-21%20football%20team%20%2801%29.jpg","https://no.wikipedia.org/wiki/Marcus_Pedersen","https://no.wikipedia.org/wiki/Marcus_Pedersen","1990-06-08T00:00:00Z","15","1210","Steindy ( talk ) 12:57, 1 April 2011 (UTC)","CC BY-SA 3.0","https://creativecommons.org/licenses/by-sa/3.0"
"http://www.wikidata.org/entity/Q22951255","Marcus Rashford","http://commons.wikimedia.org/wiki/Special:FilePath/Marcus%20Rashford%20England%20v%20Panama%2027%20June%2026-047.jpg","https://nn.wikipedia.org/wiki/Marcus_Rashford","https://no.wikipedia.org/wiki/Marcus_Rashford","1997-10-31T00:00:00Z","86","1502","Bryan Berlin","CC BY-SA 4.0","https://creativecommons.org/licenses/by-sa/4.0"
"http://www.wikidata.org/entity/Q3431011","Martin Linnes","http://commons.wikimedia.org/wiki/Special:FilePath/Martin%20Linnes%2C%202018.jpg","https://nn.wikipedia.org/wiki/Martin_Linnes","https://no.wikipedia.org/wiki/Martin_Linnes","1991-09-20T00:00:00Z","25","1051","Ирина Рыбакова","CC BY-SA 3.0","https://creativecommons.org/licenses/by-sa/3.0"
"http://www.wikidata.org/entity/Q20730207","Martin Samuelsen","http://commons.wikimedia.org/wiki/Special:FilePath/Martin%20Samuelsen%20%282019%29.jpg","https://no.wikipedia.org/wiki/Martin_Samuelsen","https://no.wikipedia.org/wiki/Martin_Samuelsen","1997-04-17T00:00:00Z","14","1694","VVV-Venlo","CC BY 3.0","https://creativecommons.org/licenses/by/3.0"
"http://www.wikidata.org/entity/Q16902219","Martin Ødegaard","http://commons.wikimedia.org/wiki/Special:FilePath/Martin%20Odegaard%20Morocco%20v%20Norway%207%20June%202026-56%20%28cropped%29.jpg","https://nn.wikipedia.org/wiki/Martin_%C3%98degaard","https://no.wikipedia.org/wiki/Martin_%C3%98degaard","1998-12-17T00:00:00Z","64","9414","Bryan Berlin","CC BY-SA 4.0","https://creativecommons.org/licenses/by-sa/4.0"
"http://www.wikidata.org/entity/Q61986758","Mason Greenwood","http://commons.wikimedia.org/wiki/Special:FilePath/Mason%20Greenwood%2011%20Fenerbah%C3%A7e%2020260805%20%284%29%20%28cropped%29%20%28cropped%29.JPG","https://no.wikipedia.org/wiki/Mason_Greenwood","https://no.wikipedia.org/wiki/Mason_Greenwood","2001-10-01T00:00:00Z","48","670","User:Zafer","CC BY-SA 4.0","https://creativecommons.org/licenses/by-sa/4.0"
"http://www.wikidata.org/entity/Q110930047","Mathias Fjørtoft Løvik","http://commons.wikimedia.org/wiki/Special:FilePath/Mathias%20Fj%C3%B8rtoft%20L%C3%B8vik%2031.jpg","https://no.wikipedia.org/wiki/Mathias_Fj%C3%B8rtoft_L%C3%B8vik","https://no.wikipedia.org/wiki/Mathias_Fj%C3%B8rtoft_L%C3%B8vik","2003-12-06T00:00:00Z","7","2519","Peter Fiskerstrand","CC BY-SA 4.0","https://creativecommons.org/licenses/by-sa/4.0"
"http://www.wikidata.org/entity/Q83788730","Mathias Kjølø","http://commons.wikimedia.org/wiki/Special:FilePath/Mathias%20kjl-1695382578.jpg","https://no.wikipedia.org/wiki/Mathias_Kj%C3%B8l%C3%B8","https://no.wikipedia.org/wiki/Mathias_Kj%C3%B8l%C3%B8","2001-06-27T00:00:00Z","14","4887","Hans Reefman","CC BY-SA 4.0","https://creativecommons.org/licenses/by-sa/4.0"
"http://www.wikidata.org/entity/Q18810392","Mathias Rasmussen","http://commons.wikimedia.org/wiki/Special:FilePath/2026-09-08%20-%20FC%20St%20Pauli%20-%20Mathias%20Rasmussen.jpg","https://no.wikipedia.org/wiki/Mathias_Rasmussen","https://no.wikipedia.org/wiki/Mathias_Rasmussen","1997-11-25T00:00:00Z","17","1228","Lanthan2003","CC BY-SA 4.0","https://creativecommons.org/licenses/by-sa/4.0"
"http://www.wikidata.org/entity/Q62050484","Michael Olise","http://commons.wikimedia.org/wiki/Special:FilePath/Michael%20Olise%20France%20v%20Senegal%2016%20June%202026-307%20%28cropped%29.jpg","https://no.wikipedia.org/wiki/Michael_Olise","https://no.wikipedia.org/wiki/Michael_Olise","2001-12-12T00:00:00Z","61","2032","Bryan Berlin","CC BY-SA 4.0","https://creativecommons.org/licenses/by-sa/4.0"
"http://www.wikidata.org/entity/Q3379222","Mohamed Elyounoussi","http://commons.wikimedia.org/wiki/Special:FilePath/CSKA%20Moscow%20v%20Basel%20%283%29.jpg","https://nn.wikipedia.org/wiki/Mohamed_Elyounoussi","https://no.wikipedia.org/wiki/Mohamed_Elyounoussi","1994-08-04T00:00:00Z","30","1421","Дмитрий Голубович","CC BY-SA 3.0","https://creativecommons.org/licenses/by-sa/3.0"
"http://www.wikidata.org/entity/Q19973671","Mohamed Ofkir","http://commons.wikimedia.org/wiki/Special:FilePath/250524%20FC%20%EC%84%9C%EC%9A%B8%20vs%20%EC%88%98%EC%9B%90%20%28Mohamed%20Ofkir%29.jpg","https://no.wikipedia.org/wiki/Mohamed_Ofkir","https://no.wikipedia.org/wiki/Mohamed_Ofkir","1996-08-04T00:00:00Z","14","998","Explicit","CC BY-SA 4.0","https://creativecommons.org/licenses/by-sa/4.0"
"http://www.wikidata.org/entity/Q1354960","Mohamed Salah","http://commons.wikimedia.org/wiki/Special:FilePath/Mohamed%20Salah%20Argentina%20v%20Egypt%207%20July%202026-163%20%28cropped%29.jpg","https://no.wikipedia.org/wiki/Mohamed_Salah","https://no.wikipedia.org/wiki/Mohamed_Salah","1992-06-15T00:00:00Z","104","3094","Bryan Berlin","CC BY-SA 4.0","https://creativecommons.org/licenses/by-sa/4.0"
"http://www.wikidata.org/entity/Q16852194","Morten Thorsby","http://commons.wikimedia.org/wiki/Special:FilePath/Morten%20Thorsby%20France%20v%20Norway%2026%20June%2026-027.jpg","https://nn.wikipedia.org/wiki/Morten_Thorsby","https://no.wikipedia.org/wiki/Morten_Thorsby","1996-05-05T00:00:00Z","31","1625","Bryan Berlin","CC BY-SA 4.0","https://creativecommons.org/licenses/by-sa/4.0"
"http://www.wikidata.org/entity/Q58494476","Mykhajlo Mudryk","http://commons.wikimedia.org/wiki/Special:FilePath/%D0%9C%D0%B8%D1%85%D0%B0%D0%B8%D0%BB%20%D0%9C%D1%83%D0%B4%D1%80%D0%B8%D0%BA.%2026%20%D0%BC%D0%B0%D1%8F%202021%20%D0%B3%D0%BE%D0%B4%D0%B0%20%E2%80%94%201233123%20%28cropped%29.jpg","https://no.wikipedia.org/wiki/Mykhajlo_Mudryk","https://no.wikipedia.org/wiki/Mykhajlo_Mudryk","2001-01-05T00:00:00Z","47","1216","Dynamomania.com","CC BY-SA 4.0","https://creativecommons.org/licenses/by-sa/4.0"
"http://www.wikidata.org/entity/Q66712877","Neraysho Kasanwirjo","http://commons.wikimedia.org/wiki/Special:FilePath/FC%20Red%20Bull%20Salzburg%20gegen%20SK%20Rapid%20Wien%20%282024-04-07%29%2032.jpg","https://no.wikipedia.org/wiki/Neraysho_Kasanwirjo","https://no.wikipedia.org/wiki/Neraysho_Kasanwirjo","2002-02-18T00:00:00Z","16","725","Werner100359","CC BY-SA 4.0","https://creativecommons.org/licenses/by-sa/4.0"
"http://www.wikidata.org/entity/Q142794","Neymar","http://commons.wikimedia.org/wiki/Special:FilePath/Neymar%20Junior%20Brazil%20V%20Morocco%2013%20June%202026-40.jpg","https://nn.wikipedia.org/wiki/Neymar","https://no.wikipedia.org/wiki/Neymar","1992-02-05T00:00:00Z","156","4147","Bryan Berlin","CC BY-SA 4.0","https://creativecommons.org/licenses/by-sa/4.0"
"http://www.wikidata.org/entity/Q18637339","Nico Elvedi","http://commons.wikimedia.org/wiki/Special:FilePath/Wales-Switzerland%20match%20at%20Euro%202020%20in%20Baku%20%28cropped%29.jpg","https://no.wikipedia.org/wiki/Nico_Elvedi","https://no.wikipedia.org/wiki/Nico_Elvedi","1996-09-30T00:00:00Z","44","821","Press Service of the President of the Republic of Azerbaijan","CC BY 4.0","https://creativecommons.org/licenses/by/4.0"
"http://www.wikidata.org/entity/Q106625792","Nicolás González Iglesias","http://commons.wikimedia.org/wiki/Special:FilePath/Nico%20Gonzalez%20%28cropped%29.jpg","https://no.wikipedia.org/wiki/Nicol%C3%A1s_Gonz%C3%A1lez_Iglesias","https://no.wikipedia.org/wiki/Nicol%C3%A1s_Gonz%C3%A1lez_Iglesias","2002-01-03T00:00:00Z","39","680","Werner100359","CC0","https://creativecommons.org/publicdomain/zero/1.0/deed.en"
"http://www.wikidata.org/entity/Q28853780","Nikita Haikin","http://commons.wikimedia.org/wiki/Special:FilePath/Nikita%20Haikin.jpg","https://no.wikipedia.org/wiki/Nikita_Haikin","https://no.wikipedia.org/wiki/Nikita_Haikin","1995-07-11T00:00:00Z","14","1944","Jørn Sund-Henriksen","CC BY-SA 4.0","https://creativecommons.org/licenses/by-sa/4.0"
"http://www.wikidata.org/entity/Q26838052","Niklas Castro","http://commons.wikimedia.org/wiki/Special:FilePath/Niklas%20Castro%20Brann-AZ%202023.png","https://no.wikipedia.org/wiki/Niklas_Castro","https://no.wikipedia.org/wiki/Niklas_Castro","1996-01-08T00:00:00Z","12","3981","Scrabbista","CC BY-SA 4.0","https://creativecommons.org/licenses/by-sa/4.0"
"http://www.wikidata.org/entity/Q13365847","Niklas Süle","http://commons.wikimedia.org/wiki/Special:FilePath/20180602%20FIFA%20Friendly%20Match%20Austria%20vs.%20Germany%20Niklas%20S%C3%BCle%20850%200725.jpg","https://no.wikipedia.org/wiki/Niklas_S%C3%BCle","https://no.wikipedia.org/wiki/Niklas_S%C3%BCle","1995-09-03T00:00:00Z","52","752","Granada","CC BY-SA 4.0","https://creativecommons.org/licenses/by-sa/4.0"
"http://www.wikidata.org/entity/Q111977359","Niklas Ødegård","http://commons.wikimedia.org/wiki/Special:FilePath/Niklas%20%C3%98deg%C3%A5rd%2033.jpg","https://no.wikipedia.org/wiki/Niklas_%C3%98deg%C3%A5rd","https://no.wikipedia.org/wiki/Niklas_%C3%98deg%C3%A5rd","2004-03-29T00:00:00Z","8","731","Peter Fiskerstrand","CC BY-SA 4.0","https://creativecommons.org/licenses/by-sa/4.0"
"http://www.wikidata.org/entity/Q61080654","Noah Holm","http://commons.wikimedia.org/wiki/Special:FilePath/Noah%20Holm.jpg","https://no.wikipedia.org/wiki/Noah_Holm","https://no.wikipedia.org/wiki/Noah_Holm","2001-05-23T00:00:00Z","12","2480","Løken","CC BY-SA 4.0","https://creativecommons.org/licenses/by-sa/4.0"
"http://www.wikidata.org/entity/Q78347960","Odin Thiago Holm","http://commons.wikimedia.org/wiki/Special:FilePath/Celtic-20240722-066.jpg","https://no.wikipedia.org/wiki/Odin_Thiago_Holm","https://no.wikipedia.org/wiki/Odin_Thiago_Holm","2003-01-18T00:00:00Z","14","1067","Hameltion","CC BY-SA 4.0","https://creativecommons.org/licenses/by-sa/4.0"
"http://www.wikidata.org/entity/Q55364051","Ola Solbakken","http://commons.wikimedia.org/wiki/Special:FilePath/Ola%20Solbakken.jpg","https://no.wikipedia.org/wiki/Ola_Solbakken","https://no.wikipedia.org/wiki/Ola_Solbakken","1998-09-07T00:00:00Z","23","1705","Jørn Sund-Henriksen","CC BY-SA 4.0","https://creativecommons.org/licenses/by-sa/4.0"
"http://www.wikidata.org/entity/Q62845596","Olaus Jair Skarsem","http://commons.wikimedia.org/wiki/Special:FilePath/Olaus%20Skarsem.jpg","https://no.wikipedia.org/wiki/Olaus_Jair_Skarsem","https://no.wikipedia.org/wiki/Olaus_Jair_Skarsem","1998-07-02T00:00:00Z","8","1084","Biso","CC BY 4.0","https://creativecommons.org/licenses/by/4.0"
"http://www.wikidata.org/entity/Q3373985","Ole Selnæs","http://commons.wikimedia.org/wiki/Special:FilePath/%E5%A1%9E%E5%B0%94%E7%BA%B3%E6%96%AF.png","https://nn.wikipedia.org/wiki/Ole_Seln%C3%A6s","https://no.wikipedia.org/wiki/Ole_Seln%C3%A6s","1994-07-07T00:00:00Z","23","2244","鱼头炮","CC BY-SA 4.0","https://creativecommons.org/licenses/by-sa/4.0"
"http://www.wikidata.org/entity/Q28065104","Omar Marmoush","http://commons.wikimedia.org/wiki/Special:FilePath/Omar%20Marmoush%20Argentina%20v%20Egypt%207%20July%202026-018.jpg","https://no.wikipedia.org/wiki/Omar_Marmoush","https://no.wikipedia.org/wiki/Omar_Marmoush","1999-02-07T00:00:00Z","46","1190","Bryan Berlin","CC BY-SA 4.0","https://creativecommons.org/licenses/by-sa/4.0"
"http://www.wikidata.org/entity/Q110466658","Oscar Bobb","http://commons.wikimedia.org/wiki/Special:FilePath/Oscar%20Bobb%20France%20v%20Norway%2026%20June%2026-045.jpg","https://nn.wikipedia.org/wiki/Oscar_Bobb","https://no.wikipedia.org/wiki/Oscar_Bobb","2003-07-12T00:00:00Z","35","5152","Bryan Berlin","CC BY-SA 4.0","https://creativecommons.org/licenses/by-sa/4.0"
"http://www.wikidata.org/entity/Q509489","Pascal Groß","http://commons.wikimedia.org/wiki/Special:FilePath/Pascal%20Gross%20Ecuador%20v%20Germany%2025%20June%202026-065.jpg","https://no.wikipedia.org/wiki/Pascal_Gro%C3%9F","https://no.wikipedia.org/wiki/Pascal_Gro%C3%9F","1991-06-15T00:00:00Z","41","734","Bryan Berlin","CC BY-SA 4.0","https://creativecommons.org/licenses/by-sa/4.0"
"http://www.wikidata.org/entity/Q18066870","Patrick Berg","http://commons.wikimedia.org/wiki/Special:FilePath/Patrick%20Berg%20France%20v%20Norway%2026%20June%2026-018.jpg","https://nn.wikipedia.org/wiki/Patrick_Berg","https://no.wikipedia.org/wiki/Patrick_Berg","1997-11-24T00:00:00Z","34","8334","Bryan Berlin","CC BY-SA 4.0","https://creativecommons.org/licenses/by-sa/4.0"
"http://www.wikidata.org/entity/Q129027","Paul Pogba","http://commons.wikimedia.org/wiki/Special:FilePath/Paul%20Pogba%20at%20the%202025%20Cannes%20Film%20Festival%2002.jpg","https://nn.wikipedia.org/wiki/Paul_Pogba","https://no.wikipedia.org/wiki/Paul_Pogba","1993-03-15T00:00:00Z","93","1091","Gabriel Hutchinson","CC BY-SA 4.0","https://creativecommons.org/licenses/by-sa/4.0"
"http://www.wikidata.org/entity/Q44977","Pierre-Emerick Aubameyang","http://commons.wikimedia.org/wiki/Special:FilePath/1%20Pierre-Emerick%20Aubameyang%20%28cropped%29.jpg","https://no.wikipedia.org/wiki/Pierre-Emerick_Aubameyang","https://no.wikipedia.org/wiki/Pierre-Emerick_Aubameyang","1989-06-18T00:00:00Z","73","776","Chensiyuan","CC BY-SA 4.0","https://creativecommons.org/licenses/by-sa/4.0"
"http://www.wikidata.org/entity/Q17305228","Pål Fjelde","http://commons.wikimedia.org/wiki/Special:FilePath/P%C3%A5l%20Fjelde%2029112025%20%282%29.jpg","https://no.wikipedia.org/wiki/P%C3%A5l_Fjelde","https://no.wikipedia.org/wiki/P%C3%A5l_Fjelde","1994-07-26T00:00:00Z","3","841","Timmy96","CC0","https://creativecommons.org/publicdomain/zero/1.0/deed.en"
"http://www.wikidata.org/entity/Q21621995","Kylian Mbappé","http://commons.wikimedia.org/wiki/Special:FilePath/Kylian%20Mbappe%20France%20v%20Senegal%2016%20June%202026-391%20%28cropped%29.jpg","https://nn.wikipedia.org/wiki/Kylian_Mbapp%C3%A9","https://no.wikipedia.org/wiki/Kylian_Mbapp%C3%A9","1998-12-20T00:00:00Z","133","3370","Bryan Berlin","CC BY-SA 4.0","https://creativecommons.org/licenses/by-sa/4.0"
"http://www.wikidata.org/entity/Q483837","Luka Modrić","http://commons.wikimedia.org/wiki/Special:FilePath/Luka%20Modric%20Croatia%20v%20Portugal%202%20July%202026-055.jpg","https://nn.wikipedia.org/wiki/Luka_Modri%C4%87","https://no.wikipedia.org/wiki/Luka_Modri%C4%87","1985-09-09T00:00:00Z","112","1651","Bryan Berlin","CC BY-SA 4.0","https://creativecommons.org/licenses/by-sa/4.0"
"http://www.wikidata.org/entity/Q936858","Mushaga Bakenga","http://commons.wikimedia.org/wiki/Special:FilePath/Testspiel%20RB%20Salzburg%20Rosenborg%20Trondheim%20%285.%20Februar%202017%29%2046.jpg","https://no.wikipedia.org/wiki/Mushaga_Bakenga","https://no.wikipedia.org/wiki/Mushaga_Bakenga","1992-08-08T00:00:00Z","19","2485","Werner100359","CC BY-SA 4.0","https://creativecommons.org/licenses/by-sa/4.0"
"http://www.wikidata.org/entity/Q20855932","Rafik Zekhnini","http://commons.wikimedia.org/wiki/Special:FilePath/Rafik%20Zekhnini%2017.jpg","https://no.wikipedia.org/wiki/Rafik_Zekhnini","https://no.wikipedia.org/wiki/Rafik_Zekhnini","1998-01-12T00:00:00Z","18","695","Peter Fiskerstrand","CC BY-SA 4.0","https://creativecommons.org/licenses/by-sa/4.0"
"http://www.wikidata.org/entity/Q312157","Raheem Sterling","http://commons.wikimedia.org/wiki/Special:FilePath/Raheem%20Sterling%202018.jpg","https://nn.wikipedia.org/wiki/Raheem_Sterling","https://no.wikipedia.org/wiki/Raheem_Sterling","1994-12-08T00:00:00Z","75","2805","Антон Зайцев","CC BY-SA 3.0","https://creativecommons.org/licenses/by-sa/3.0"
"http://www.wikidata.org/entity/Q64736321","Rayan Cherki","http://commons.wikimedia.org/wiki/Special:FilePath/Rayan%20Cherki%20France%20v%20Norway%2026%20June%2026-114.jpg","https://no.wikipedia.org/wiki/Rayan_Cherki","https://no.wikipedia.org/wiki/Rayan_Cherki","2003-08-17T00:00:00Z","50","1275","Bryan Berlin","CC BY-SA 4.0","https://creativecommons.org/licenses/by-sa/4.0"
"http://www.wikidata.org/entity/Q151269","Robert Lewandowski","http://commons.wikimedia.org/wiki/Special:FilePath/Robert%20Lewandowski%202018%2C%20JAP-POL%20%28cropped%29.jpg","https://nn.wikipedia.org/wiki/Robert_Lewandowski","https://no.wikipedia.org/wiki/Robert_Lewandowski","1988-08-21T00:00:00Z","106","1318","Светлана Бекетова","CC BY-SA 3.0","https://creativecommons.org/licenses/by-sa/3.0"
"http://www.wikidata.org/entity/Q20994118","Rodrigo Hernández Cascante","http://commons.wikimedia.org/wiki/Special:FilePath/Rodri%20France%20v%20Spain%207.24.26-096.jpg","https://no.wikipedia.org/wiki/Rodrigo_Hern%C3%A1ndez_Cascante","https://no.wikipedia.org/wiki/Rodrigo_Hern%C3%A1ndez_Cascante","1996-06-22T00:00:00Z","73","5399","Bryan Berlin","CC BY-SA 4.0","https://creativecommons.org/licenses/by-sa/4.0"
"http://www.wikidata.org/entity/Q313316","Romelu Lukaku","http://commons.wikimedia.org/wiki/Special:FilePath/Romelu%20Lukaku%202021.jpg","https://nn.wikipedia.org/wiki/Romelu_Lukaku","https://no.wikipedia.org/wiki/Romelu_Lukaku","1993-05-13T00:00:00Z","89","1082","Vyacheslav Evdokimov","CC BY-SA 3.0","https://creativecommons.org/licenses/by-sa/3.0"
"http://www.wikidata.org/entity/Q56332606","Ronald Araújo","http://commons.wikimedia.org/wiki/Special:FilePath/FC%20Red%20Bull%20Salzburg%20gegen%20CF%20Barcelona%20%28Testspiel%204.%20August%202021%29%2045%20%28cropped%29.jpg","https://no.wikipedia.org/wiki/Ronald_Ara%C3%BAjo","https://no.wikipedia.org/wiki/Ronald_Ara%C3%BAjo","1999-03-07T00:00:00Z","52","2646","Werner100359","CC0","https://creativecommons.org/publicdomain/zero/1.0/deed.en"
"http://www.wikidata.org/entity/Q546518","Ruben Gabrielsen","http://commons.wikimedia.org/wiki/Special:FilePath/Molde-Zenit%20%284%29%20%28cropped%29.jpg","https://no.wikipedia.org/wiki/Ruben_Gabrielsen","https://no.wikipedia.org/wiki/Ruben_Gabrielsen","1992-03-10T00:00:00Z","14","2842","Вячеслав Евдокимов","CC BY-SA 3.0","https://creativecommons.org/licenses/by-sa/3.0"
"http://www.wikidata.org/entity/Q109640004","Ruben Kristensen Alte","http://commons.wikimedia.org/wiki/Special:FilePath/Ruben%20Alte%2014%20Viking%20FK%20UECL%2020250813%20%285%29.jpg","https://no.wikipedia.org/wiki/Ruben_Alte","https://no.wikipedia.org/wiki/Ruben_Alte","2000-02-28T00:00:00Z","5","1268","Zafer","CC BY 4.0","https://creativecommons.org/licenses/by/4.0"
"http://www.wikidata.org/entity/Q2621480","Ruben Yttergård Jenssen","http://commons.wikimedia.org/wiki/Special:FilePath/Ruben%20Ytterg%C3%A5rd%20Jenssen%20-%202009-09-27%20at%2020-07-30.jpg","https://no.wikipedia.org/wiki/Ruben_Ytterg%C3%A5rd_Jenssen","https://no.wikipedia.org/wiki/Ruben_Ytterg%C3%A5rd_Jenssen","1988-05-04T00:00:00Z","14","1207","Kjetil Ree","CC BY-SA 3.0","https://creativecommons.org/licenses/by-sa/3.0"
"http://www.wikidata.org/entity/Q20675980","Sander Berge","http://commons.wikimedia.org/wiki/Special:FilePath/Sander%20Berge%20France%20v%20Norway%2026%20June%2026-025.jpg","https://nn.wikipedia.org/wiki/Sander_Berge","https://no.wikipedia.org/wiki/Sander_Berge","1998-02-14T00:00:00Z","35","3221","Bryan Berlin","CC BY-SA 4.0","https://creativecommons.org/licenses/by-sa/4.0"
"http://www.wikidata.org/entity/Q107002583","Sander Erik Kartum","http://commons.wikimedia.org/wiki/Special:FilePath/Sander%20Kartum.jpg","https://no.wikipedia.org/wiki/Sander_Kartum","https://no.wikipedia.org/wiki/Sander_Kartum","1995-10-03T00:00:00Z","6","1043","JaumeBG","CC BY-SA 4.0","https://creativecommons.org/licenses/by-sa/4.0"
"http://www.wikidata.org/entity/Q14161163","Sander Svendsen","http://commons.wikimedia.org/wiki/Special:FilePath/Sander%20Svendsen%207%20Viking%20FK%20UECL%2020250813%20%283%29.jpg","https://no.wikipedia.org/wiki/Sander_Svendsen","https://no.wikipedia.org/wiki/Sander_Svendsen","1997-08-06T00:00:00Z","17","2362","Zafer","CC BY 4.0","https://creativecommons.org/licenses/by/4.0"
"http://www.wikidata.org/entity/Q105754161","Sander Tangvik","http://commons.wikimedia.org/wiki/Special:FilePath/Sander%20Tangvik%20Morocco%20v%20Norway%207%20June%202026-46.jpg","https://no.wikipedia.org/wiki/Sander_Tangvik","https://no.wikipedia.org/wiki/Sander_Tangvik","2002-11-29T00:00:00Z","23","1377","Bryan Berlin","CC BY-SA 4.0","https://creativecommons.org/licenses/by-sa/4.0"
"http://www.wikidata.org/entity/Q483309","Sergio Ramos","http://commons.wikimedia.org/wiki/Special:FilePath/Sergio%20Ramos%20Interview%202021%20%28cropped%29.jpg","https://nn.wikipedia.org/wiki/Sergio_Ramos","https://no.wikipedia.org/wiki/Sergio_Ramos","1986-03-30T00:00:00Z","90","1170","Real Madrid","CC BY 3.0","https://creativecommons.org/licenses/by/3.0"
"http://www.wikidata.org/entity/Q107482808","Simen Kvia-Egeskog","http://commons.wikimedia.org/wiki/Special:FilePath/Simen%20Kvia-Egeskog%2026%20Viking%20FK%20UECL%2020250813%20%285%29.jpg","https://no.wikipedia.org/wiki/Simen_Kvia-Egeskog","https://no.wikipedia.org/wiki/Simen_Kvia-Egeskog","2003-05-26T00:00:00Z","5","887","Zafer","CC BY 4.0","https://creativecommons.org/licenses/by/4.0"
"http://www.wikidata.org/entity/Q116464263","Sindre Walle Egeli","http://commons.wikimedia.org/wiki/Special:FilePath/Sindre%20Walle%20Eghli.png","https://no.wikipedia.org/wiki/Sindre_Walle_Egeli","https://no.wikipedia.org/wiki/Sindre_Walle_Egeli","2006-06-21T00:00:00Z","11","3527","MilesaMFC","CC0","https://creativecommons.org/publicdomain/zero/1.0/deed.en"
"http://www.wikidata.org/entity/Q96356033","Sondre Auklend","http://commons.wikimedia.org/wiki/Special:FilePath/Sondre%20Auklend%20IMG%205210.jpg","https://no.wikipedia.org/wiki/Sondre_Auklend","https://no.wikipedia.org/wiki/Sondre_Auklend","2003-06-10T00:00:00Z","8","2501","Kristoffer Sørdal","CC BY-SA 4.0","https://creativecommons.org/licenses/by-sa/4.0"
"http://www.wikidata.org/entity/Q62606981","Sondre Bjørshol","http://commons.wikimedia.org/wiki/Special:FilePath/Sondre%20Bj%C3%B8rshol%2018%20Viking%20FK%20UECL%2020250813%20%281%29.jpg","https://no.wikipedia.org/wiki/Sondre_Bj%C3%B8rshol","https://no.wikipedia.org/wiki/Sondre_Bj%C3%B8rshol","1994-04-30T00:00:00Z","6","921","Zafer","CC BY 4.0","https://creativecommons.org/licenses/by/4.0"
"http://www.wikidata.org/entity/Q111977453","Sondre Holmlund Ørjasæter","http://commons.wikimedia.org/wiki/Special:FilePath/Sondre%20%C3%98rjas%C3%A6ter%202026.jpg","https://no.wikipedia.org/wiki/Sondre_%C3%98rjas%C3%A6ter","https://no.wikipedia.org/wiki/Sondre_%C3%98rjas%C3%A6ter","2003-11-28T00:00:00Z","8","1556","BasFCT","CC0","https://creativecommons.org/publicdomain/zero/1.0/deed.en"
"http://www.wikidata.org/entity/Q16945533","Stefano Vecchia","http://commons.wikimedia.org/wiki/Special:FilePath/Stefano%20Vecchia%20%28Sirius%2C%202020%2C%20cropped%29.jpg","https://no.wikipedia.org/wiki/Stefano_Vecchia","https://no.wikipedia.org/wiki/Stefano_Vecchia","1995-01-23T00:00:00Z","11","947","Jens Backeman","CC BY-SA 4.0","https://creativecommons.org/licenses/by-sa/4.0"
"http://www.wikidata.org/entity/Q29169607","Stian Gregersen","http://commons.wikimedia.org/wiki/Special:FilePath/Stian%20Gregersen%201.jpg","https://nn.wikipedia.org/wiki/Stian_Gregersen","https://no.wikipedia.org/wiki/Stian_Rode_Gregersen","1995-05-17T00:00:00Z","16","1319","Keiteay","CC BY 4.0","https://creativecommons.org/licenses/by/4.0"
"http://www.wikidata.org/entity/Q115106256","Sverre Nypan","http://commons.wikimedia.org/wiki/Special:FilePath/Str%C3%B8msgodset%20v%20Rosenborg%20BK%2C%2029%20March%202025%20%2848%29%20%28Sverre%20Nypan%29.jpg","https://no.wikipedia.org/wiki/Sverre_Nypan","https://no.wikipedia.org/wiki/Sverre_Nypan","2006-12-19T00:00:00Z","20","2840","Ssu","CC BY-SA 4.0","https://creativecommons.org/licenses/by-sa/4.0"
"http://www.wikidata.org/entity/Q609141","Tarik Elyounoussi","http://commons.wikimedia.org/wiki/Special:FilePath/Tarik%20Elyounoussi%202018%20-%20cropped.jpg","https://nn.wikipedia.org/wiki/Tarik_Elyounoussi","https://no.wikipedia.org/wiki/Tarik_Elyounoussi","1988-02-23T00:00:00Z","36","1137","Jakob Persson","CC BY 2.0","https://creativecommons.org/licenses/by/2.0"
"http://www.wikidata.org/entity/Q100711783","Thelo Aasgaard","http://commons.wikimedia.org/wiki/Special:FilePath/Thelo%20Aasgaard%20Morocco%20v%20Norway%207%20June%202026-23.jpg","https://nn.wikipedia.org/wiki/Thelo_Aasgaard","https://no.wikipedia.org/wiki/Thelo_Aasgaard","2002-05-02T00:00:00Z","27","3201","Bryan Berlin","CC BY-SA 4.0","https://creativecommons.org/licenses/by-sa/4.0"
"http://www.wikidata.org/entity/Q43666","Thomas Müller","http://commons.wikimedia.org/wiki/Special:FilePath/Thomas%20M%C3%BCller%202022%20%28cropped%29.jpg","https://nn.wikipedia.org/wiki/Thomas_M%C3%BCller","https://no.wikipedia.org/wiki/Thomas_M%C3%BCller_(fotballspiller)","1989-09-13T00:00:00Z","94","733","Werner100359","CC BY-SA 4.0","https://creativecommons.org/licenses/by-sa/4.0"
"http://www.wikidata.org/entity/Q39500352","Tijjani Reijnders","http://commons.wikimedia.org/wiki/Special:FilePath/Manchester%20City%202025%2006%2026%20Juventus%20%28cropped%20to%20Reijniders%29.jpg","https://no.wikipedia.org/wiki/Tijjani_Reijnders","https://no.wikipedia.org/wiki/Tijjani_Reijnders","1998-07-29T00:00:00Z","42","719","Equipos de fútbol","CC BY 4.0","https://creativecommons.org/licenses/by/4.0"
"http://www.wikidata.org/entity/Q63968167","Torbjørn Heggem","http://commons.wikimedia.org/wiki/Special:FilePath/Torbjorn%20Heggem%20France%20v%20Norway%2026%20June%2026-116.jpg","https://nn.wikipedia.org/wiki/Torbj%C3%B8rn_Heggem","https://no.wikipedia.org/wiki/Torbj%C3%B8rn_Heggem","1999-01-12T00:00:00Z","24","1871","Bryan Berlin","CC BY-SA 4.0","https://creativecommons.org/licenses/by-sa/4.0"
"http://www.wikidata.org/entity/Q21620666","Tosin Adarabioyo","http://commons.wikimedia.org/wiki/Special:FilePath/Tosin%20Adarabioyo%20FIFA%20Club%20World%20Cup%20extraction.jpg","https://no.wikipedia.org/wiki/Tosin_Adarabioyo","https://no.wikipedia.org/wiki/Tosin_Adarabioyo","1997-09-24T00:00:00Z","35","856","The White House","Public domain",""
"http://www.wikidata.org/entity/Q104381911","Ulrik Mathisen","http://commons.wikimedia.org/wiki/Special:FilePath/Ulrik%20Mathisen.jpg","https://no.wikipedia.org/wiki/Ulrik_Mathisen","https://no.wikipedia.org/wiki/Ulrik_Mathisen","1999-01-18T00:00:00Z","5","1204","Løken","CC BY-SA 4.0","https://creativecommons.org/licenses/by-sa/4.0"
"http://www.wikidata.org/entity/Q17107066","Ulrik Saltnes","http://commons.wikimedia.org/wiki/Special:FilePath/Saltnes.jpg","https://no.wikipedia.org/wiki/Ulrik_Saltnes","https://no.wikipedia.org/wiki/Ulrik_Saltnes","1992-11-10T00:00:00Z","12","2300","Jørn Sund-Henriksen","CC BY-SA 4.0","https://creativecommons.org/licenses/by-sa/4.0"
"http://www.wikidata.org/entity/Q275986","Valon Berisha","http://commons.wikimedia.org/wiki/Special:FilePath/FC%20Admira%20Wacker%20M%C3%B6dling%20vs.%20FC%20Red%20Bull%20Salzburg%202018-04-15%20%28056%29.jpg","https://no.wikipedia.org/wiki/Valon_Berisha","https://no.wikipedia.org/wiki/Valon_Berisha","1993-02-07T00:00:00Z","30","693","Steindy ( talk ) 21:11, 28 August 2018 (UTC)","CC BY-SA 4.0","https://creativecommons.org/licenses/by-sa/4.0"
"http://www.wikidata.org/entity/Q127016636","Vetle Auklend","http://commons.wikimedia.org/wiki/Special:FilePath/Vetle%20Auklend%2024%20Viking%20FK%20UECL%2020250813%20%281%29.jpg","https://no.wikipedia.org/wiki/Vetle_Auklend","https://no.wikipedia.org/wiki/Vetle_Auklend","2005-03-22T00:00:00Z","5","855","Zafer","CC BY 4.0","https://creativecommons.org/licenses/by/4.0"
"http://www.wikidata.org/entity/Q62899338","Vetle Dragsnes","http://commons.wikimedia.org/wiki/Special:FilePath/Vetle%20Dragsnes.jpg","https://no.wikipedia.org/wiki/Vetle_Dragsnes","https://no.wikipedia.org/wiki/Vetle_Dragsnes","1994-02-06T00:00:00Z","6","790","Løken","CC BY-SA 4.0","https://creativecommons.org/licenses/by-sa/4.0"
"http://www.wikidata.org/entity/Q304876","Veton Berisha","http://commons.wikimedia.org/wiki/Special:FilePath/FC%20Red%20Bull%20Salzburg%20gegen%20SK%20Rapid%20Wien%20%2810.%20September%202017%29%2027%20%28cropped%29.jpg","https://nn.wikipedia.org/wiki/Veton_Berisha","https://no.wikipedia.org/wiki/Veton_Berisha","1994-04-13T00:00:00Z","22","1241","Werner100359","CC BY-SA 4.0","https://creativecommons.org/licenses/by-sa/4.0"
"http://www.wikidata.org/entity/Q121422889","Víctor Muñoz","http://commons.wikimedia.org/wiki/Special:FilePath/Victor%20Munoz%20Argentina%20v%20Spain%2019%20July%202026-020.jpg","https://no.wikipedia.org/wiki/V%C3%ADctor_Mu%C3%B1oz","https://no.wikipedia.org/wiki/V%C3%ADctor_Mu%C3%B1oz","2003-07-13T00:00:00Z","37","2561","Bryan Berlin","CC BY-SA 4.0","https://creativecommons.org/licenses/by-sa/4.0"
"http://www.wikidata.org/entity/Q25253293","Victor Osimhen","http://commons.wikimedia.org/wiki/Special:FilePath/Victor-osimhen-nigeria-2024-3-4.jpg","https://no.wikipedia.org/wiki/Victor_Osimhen","https://no.wikipedia.org/wiki/Victor_Osimhen","1998-12-29T00:00:00Z","60","782","Fédération Guinéenne Football","Public domain",""
"http://www.wikidata.org/entity/Q47075606","Viktor Gyökeres","http://commons.wikimedia.org/wiki/Special:FilePath/Viktor%20Gy%C3%B6keres%202026-06-04%201%20%28cropped%29%201.jpg","https://no.wikipedia.org/wiki/Viktor_Gy%C3%B6keres","https://no.wikipedia.org/wiki/Viktor_Gy%C3%B6keres","1998-06-04T00:00:00Z","57","1401","Mikael Hervestad","CC BY-SA 4.0","https://creativecommons.org/licenses/by-sa/4.0"
"http://www.wikidata.org/entity/Q28973866","Vinicius Júnior","http://commons.wikimedia.org/wiki/Special:FilePath/Vin%C3%ADcius%20J%C3%BAnior%20Brazil%20V%20Morocco%2013%20June%202026-207%20%28cropped%29.jpg","https://no.wikipedia.org/wiki/Vin%C3%ADcius_J%C3%BAnior","https://no.wikipedia.org/wiki/Vin%C3%ADcius_J%C3%BAnior","2000-07-12T00:00:00Z","81","1270","Bryan Berlin","CC BY-SA 4.0","https://creativecommons.org/licenses/by-sa/4.0"
"http://www.wikidata.org/entity/Q133903","Virgil van Dijk","http://commons.wikimedia.org/wiki/Special:FilePath/20160604%20AUT%20NED%208876%20%28cropped%29.jpg","https://no.wikipedia.org/wiki/Virgil_van_Dijk","https://no.wikipedia.org/wiki/Virgil_van_Dijk","1991-07-08T00:00:00Z","74","1274","Ailura","CC BY-SA 3.0 at","https://creativecommons.org/licenses/by-sa/3.0/at/deed.en"
"http://www.wikidata.org/entity/Q133698867","Yan Diomande","http://commons.wikimedia.org/wiki/Special:FilePath/Yan%20Diomande%20Cote%20D%27Ivoire%20v%20Ecuador%2014%20June%202026-17%20%28cropped%29.jpg","https://no.wikipedia.org/wiki/Yan_Diomande","https://no.wikipedia.org/wiki/Yan_Diomande","2006-11-14T00:00:00Z","41","1264","Bryan Berlin","CC BY-SA 4.0","https://creativecommons.org/licenses/by-sa/4.0"
"http://www.wikidata.org/entity/Q115399505","Yankuba Minteh","http://commons.wikimedia.org/wiki/Special:FilePath/Go%20Ahead%20Eagles%20-%20Feyenoord%20-%2053679350805%20%28Yankuba%20Minteh%29.jpg","https://no.wikipedia.org/wiki/Yankuba_Minteh","https://no.wikipedia.org/wiki/Yankuba_Minteh","2004-07-22T00:00:00Z","26","831","Carlo Bruil Fotografie","CC BY 2.0","https://creativecommons.org/licenses/by/2.0"
"http://www.wikidata.org/entity/Q14327453","Youri Tielemans","http://commons.wikimedia.org/wiki/Special:FilePath/Youri%20Tielemans%20USMNT%20v%20Belgium%20Mar%2028%202026-20%20%28cropped%29.jpg","https://no.wikipedia.org/wiki/Youri_Tielemans","https://no.wikipedia.org/wiki/Youri_Tielemans","1997-05-07T00:00:00Z","56","2253","Bryan Berlin","CC BY-SA 4.0","https://creativecommons.org/licenses/by-sa/4.0"
"http://www.wikidata.org/entity/Q67498669","Zion Suzuki","http://commons.wikimedia.org/wiki/Special:FilePath/ZION%20SUZUKI%20-%20JPN%20vs%20THA%20-%20Friendly%20Match%20-%202024.01.01.jpg","https://no.wikipedia.org/wiki/Zion_Suzuki","https://no.wikipedia.org/wiki/Zion_Suzuki","2002-08-21T00:00:00Z","37","917","RuinDig/Yuki Uchida","CC BY 4.0","https://creativecommons.org/licenses/by/4.0"
"http://www.wikidata.org/entity/Q3379704","Zlatko Tripić","http://commons.wikimedia.org/wiki/Special:FilePath/Tripi%C4%87%2C%20Zlatko%20Greuther%20F%C3%BCrth%2015-16%20WP.jpg","https://no.wikipedia.org/wiki/Zlatko_Tripi%C4%87","https://no.wikipedia.org/wiki/Zlatko_Tripi%C4%87","1992-12-02T00:00:00Z","12","12861","Northside","CC BY-SA 3.0","https://creativecommons.org/licenses/by-sa/3.0"
"http://www.wikidata.org/entity/Q2757703","Zymer Bytyqi","http://commons.wikimedia.org/wiki/Special:FilePath/Zymer%20Bytyqi.JPG","https://no.wikipedia.org/wiki/Zymer_Bytyqi","https://no.wikipedia.org/wiki/Zymer_Bytyqi","1996-09-11T00:00:00Z","16","1169","Jarvin Jarle Vines","CC BY-SA 3.0","https://creativecommons.org/licenses/by-sa/3.0"
"http://www.wikidata.org/entity/Q869214","Ørjan Håskjold Nyland","http://commons.wikimedia.org/wiki/Special:FilePath/Orjan%20Nyland%20France%20v%20Norway%2026%20June%2026-023.jpg","https://nn.wikipedia.org/wiki/%C3%98rjan_Nyland","https://no.wikipedia.org/wiki/%C3%98rjan_H%C3%A5skjold_Nyland","1990-09-10T00:00:00Z","42","12467","Bryan Berlin","CC BY-SA 4.0","https://creativecommons.org/licenses/by-sa/4.0"
