item,itemLabel,image,article,opphavslandLabel,imageAuthor,imageLicense,imageLicenseUrl
"http://www.wikidata.org/entity/Q7254","Affenpinscher","http://commons.wikimedia.org/wiki/Special:FilePath/Affenpinscher%20breed.jpg","https://no.wikipedia.org/wiki/Affenpinscher","Tyskland","Futurebreak","CC0","https://creativecommons.org/publicdomain/zero/1.0/deed.en"
"http://www.wikidata.org/entity/Q21080","Afghansk mynde","http://commons.wikimedia.org/wiki/Special:FilePath/AKC%20Helena%20Fall%20Dog%20Show%202011.jpg","https://nn.wikipedia.org/wiki/Afghansk_mynde","Afghanistan","SheltieBoy","CC BY 2.0","https://creativecommons.org/licenses/by/2.0"
"http://www.wikidata.org/entity/Q516079","Africanis","http://commons.wikimedia.org/wiki/Special:FilePath/Africanis%20%281%29.jpg","https://no.wikipedia.org/wiki/Africanis","","Bothar at English Wikipedia","CC BY-SA 3.0","https://creativecommons.org/licenses/by-sa/3.0/"
"http://www.wikidata.org/entity/Q1806071","Afrikansk nakenhund","http://commons.wikimedia.org/wiki/Special:FilePath/Africanhairless.jpg","https://no.wikipedia.org/wiki/Afrikansk_nakenhund","","Sarah Hartwell","CC BY-SA 3.0","https://creativecommons.org/licenses/by-sa/3.0/"
"http://www.wikidata.org/entity/Q37904","Aidi","http://commons.wikimedia.org/wiki/Special:FilePath/Aidi.jpg","https://no.wikipedia.org/wiki/Aidi","Nord-Afrika","ukjend","CC BY-SA 3.0","https://creativecommons.org/licenses/by-sa/3.0/"
"http://www.wikidata.org/entity/Q37617","Airedale terrier","http://commons.wikimedia.org/wiki/Special:FilePath/Airedale%20Terrier.jpg","https://no.wikipedia.org/wiki/Airedale_terrier","Storbritannia","by Jane@rangeairevision.com","Copyrighted free use",""
"http://www.wikidata.org/entity/Q38175","Akbash dog","http://commons.wikimedia.org/wiki/Special:FilePath/Akbash%20Dog%20in%20CA.jpg","https://no.wikipedia.org/wiki/Akbash_dog","Tyrkia","Jerry Kirkhart from Los Osos, Calif.","CC BY 2.0","https://creativecommons.org/licenses/by/2.0"
"http://www.wikidata.org/entity/Q29164","Akita","http://commons.wikimedia.org/wiki/Special:FilePath/Akita%20inu%20criado%20por%20Tsutsui%20Kennel.jpg","https://no.wikipedia.org/wiki/Akita_(hund)","Japan / USA","TsutsuiKennel","CC BY-SA 4.0","https://creativecommons.org/licenses/by-sa/4.0"
"http://www.wikidata.org/entity/Q37690","Alano","http://commons.wikimedia.org/wiki/Special:FilePath/Spanish%20Alano%202.jpg","https://no.wikipedia.org/wiki/Alano","Spania","Canarian","CC BY-SA 4.0","https://creativecommons.org/licenses/by-sa/4.0"
"http://www.wikidata.org/entity/Q38152","Alaskan Klee Kai","http://commons.wikimedia.org/wiki/Special:FilePath/Standard%20Alaskan%20Klee%20Kai.jpg","https://no.wikipedia.org/wiki/Alaskan_klee_kai","USA","Gnuyen","CC BY-SA 3.0","https://creativecommons.org/licenses/by-sa/3.0/"
"http://www.wikidata.org/entity/Q21206","Alaskan malamute","http://commons.wikimedia.org/wiki/Special:FilePath/Alaskan%20Malamute.jpg","https://no.wikipedia.org/wiki/Alaskan_malamute","Alaska","SCMW","CC BY 3.0","https://creativecommons.org/licenses/by/3.0"
"http://www.wikidata.org/entity/Q37498","Alpinsk dachsbracke","http://commons.wikimedia.org/wiki/Special:FilePath/Alpejski%20go%C5%84czy%20kr%C3%B3tkono%C5%BCny%20g99.jpg","https://no.wikipedia.org/wiki/Alpinsk_dachsbracke","Austerrike","Pleple2000","CC BY-SA 3.0","https://creativecommons.org/licenses/by-sa/3.0/"
"http://www.wikidata.org/entity/Q37604","Amerikansk bulldog","http://commons.wikimedia.org/wiki/Special:FilePath/BUCKEYE%202010%20ANCHOR%20BULLY%20RASCALZ.jpg","https://no.wikipedia.org/wiki/Amerikansk_bulldog","USA","Bully Rascalz","Copyrighted free use",""
"http://www.wikidata.org/entity/Q38063","Amerikansk cocker spaniel","http://commons.wikimedia.org/wiki/Special:FilePath/AmericanCockerSpaniel%20wb.jpg","https://no.wikipedia.org/wiki/Amerikansk_cocker_spaniel","USA","","CC BY-SA 3.0","https://creativecommons.org/licenses/by-sa/3.0/"
"http://www.wikidata.org/entity/Q37699","Amerikansk eskimohund","http://commons.wikimedia.org/wiki/Special:FilePath/American%20Eskimo%20Dog%201.jpg","https://no.wikipedia.org/wiki/Amerikansk_eskimohund","USA","Christmas w/a K","CC BY-SA 2.0","https://creativecommons.org/licenses/by-sa/2.0"
"http://www.wikidata.org/entity/Q37514","Amerikansk foxhound","http://commons.wikimedia.org/wiki/Special:FilePath/AmericanFoxhound2.jpg","https://no.wikipedia.org/wiki/Amerikansk_foxhound","USA","","CC BY-SA 3.0","https://creativecommons.org/licenses/by-sa/3.0/"
"http://www.wikidata.org/entity/Q37473","Amerikansk hjortehund","http://commons.wikimedia.org/wiki/Special:FilePath/Staghound.jpg","https://no.wikipedia.org/wiki/Amerikansk_hjortehund","","Nelsonismyhero","Attribution",""
"http://www.wikidata.org/entity/Q37508","Amerikansk nakenterrier","http://commons.wikimedia.org/wiki/Special:FilePath/American%20Hairless%20Terrier%20Adelor.jpg","https://no.wikipedia.org/wiki/Amerikansk_nakenterrier","USA","Nyaah","CC BY-SA 3.0","https://creativecommons.org/licenses/by-sa/3.0"
"http://www.wikidata.org/entity/Q37612","Amerikansk pitbullterrier","http://commons.wikimedia.org/wiki/Special:FilePath/American%20Pitbull%20001.jpg","https://nn.wikipedia.org/wiki/Amerikansk_pitbullterrier","USA","Kpo!:D","Public domain",""
"http://www.wikidata.org/entity/Q37688","Amerikansk staffordshireterrier","http://commons.wikimedia.org/wiki/Special:FilePath/AMERICAN%20STAFFORDSHIRE%20TERRIER%2C%20Zican%E2%80%99s%20Bz%20Ez%20Dragon%20%2824208348891%29.2.jpg","https://nn.wikipedia.org/wiki/Amerikansk_staffordshireterrier","USA","Svenska Mässan from Sweden","CC BY-SA 4.0","https://creativecommons.org/licenses/by-sa/4.0"
"http://www.wikidata.org/entity/Q37856","Amerikansk vannspaniel","http://commons.wikimedia.org/wiki/Special:FilePath/AmWaterSpan1.jpg","https://no.wikipedia.org/wiki/Amerikansk_vannspaniel","USA","","CC BY-SA 3.0","https://creativecommons.org/licenses/by-sa/3.0/"
"http://www.wikidata.org/entity/Q37541","Anatolsk gjeterhund","http://commons.wikimedia.org/wiki/Special:FilePath/Kangal-welpen-de%20003.jpg","https://no.wikipedia.org/wiki/Anatolsk_gjeterhund","Tyrkia","Dfence","CC BY-SA 3.0","https://creativecommons.org/licenses/by-sa/3.0/"
"http://www.wikidata.org/entity/Q37697","Appenzeller Sennenhund","http://commons.wikimedia.org/wiki/Special:FilePath/Abora%20z%20Velk%C3%A9ho%20%C3%9Ajezda5.jpg","https://no.wikipedia.org/wiki/Appenzeller_sennenhund","Sveits","SportKBK","CC BY-SA 4.0","https://creativecommons.org/licenses/by-sa/4.0"
"http://www.wikidata.org/entity/Q37909","Argentinsk dogge","http://commons.wikimedia.org/wiki/Special:FilePath/0Dogo-argentino-22122251920.jpg","https://no.wikipedia.org/wiki/Argentinsk_dogge","Argentina","joseltr","CC0","https://creativecommons.org/publicdomain/zero/1.0/deed.en"
"http://www.wikidata.org/entity/Q37595","Australian cattledog","http://commons.wikimedia.org/wiki/Special:FilePath/ACD-blue-spud.jpg","https://no.wikipedia.org/wiki/Australian_cattledog","Australia","Zingpix","CC BY 3.0","https://creativecommons.org/licenses/by/3.0"
"http://www.wikidata.org/entity/Q37503","Australian stumpy tail cattle dog","http://commons.wikimedia.org/wiki/Special:FilePath/Australian%20Stumpy%20Tail%20Cattle%20Dog.jpg","https://no.wikipedia.org/wiki/Australian_stumpy_tail_cattle_dog","Australia","Wendy Hodges","CC BY 2.0","https://creativecommons.org/licenses/by/2.0"
"http://www.wikidata.org/entity/Q38584","Australsk dingo","http://commons.wikimedia.org/wiki/Special:FilePath/Dingo%20Side.JPG","https://no.wikipedia.org/wiki/Australsk_dingo","","Quartl","CC BY-SA 3.0","https://creativecommons.org/licenses/by-sa/3.0"
"http://www.wikidata.org/entity/Q37629","Australsk gjetarhund","http://commons.wikimedia.org/wiki/Special:FilePath/Aussi.jpg","https://nn.wikipedia.org/wiki/Australsk_gjetarhund","USA / Australia","Christoph Aeschlimann","CC BY-SA 3.0","https://creativecommons.org/licenses/by-sa/3.0/"
"http://www.wikidata.org/entity/Q37520","Australsk kelpie","http://commons.wikimedia.org/wiki/Special:FilePath/Bashyr.jpg","https://nn.wikipedia.org/wiki/Australsk_kelpie","Australia","D.N. Geerlings (eigenaar)","CC BY-SA 2.5 nl","https://creativecommons.org/licenses/by-sa/2.5/nl/deed.en"
"http://www.wikidata.org/entity/Q37530","Australsk terrier","http://commons.wikimedia.org/wiki/Special:FilePath/Australian%20Terrier%20002%20U.jpg","https://no.wikipedia.org/wiki/Australsk_terrier","Australia","Lilly M","CC BY-SA 3.0","https://creativecommons.org/licenses/by-sa/3.0/"
"http://www.wikidata.org/entity/Q37859","Azawakh","http://commons.wikimedia.org/wiki/Special:FilePath/Azawakh%20bitch%20Shira-tb.jpg","https://no.wikipedia.org/wiki/Azawakh","Mali","ToB (2004)","Public domain",""
"http://www.wikidata.org/entity/Q37730","Azores cattle dog","http://commons.wikimedia.org/wiki/Special:FilePath/Caofila.jpg","https://no.wikipedia.org/wiki/Azores_cattle_dog","Portugal","Summer05","CC BY-SA 3.0","https://creativecommons.org/licenses/by-sa/3.0/"
"http://www.wikidata.org/entity/Q1770291","Bakhmull","http://commons.wikimedia.org/wiki/Special:FilePath/Christopher-el-Bark.jpg","https://no.wikipedia.org/wiki/Bakhmull","Russland / Afghanistan","Radobark","CC BY-SA 3.0","https://creativecommons.org/licenses/by-sa/3.0"
"http://www.wikidata.org/entity/Q37585","Barbet","http://commons.wikimedia.org/wiki/Special:FilePath/Chien%20de%20race%20Barbet.jpg","https://no.wikipedia.org/wiki/Barbet","Frankrike","","Public domain",""
"http://www.wikidata.org/entity/Q37871","Basenji","http://commons.wikimedia.org/wiki/Special:FilePath/%D0%91%D0%B0%D1%81%D0%B5%D0%BD%D0%B4%D0%B6%D0%B8%20%28Basenji%29%2002.jpg","https://no.wikipedia.org/wiki/Basenji","Den demokratiske republikken Kongo","Novoklimov","CC0","https://creativecommons.org/publicdomain/zero/1.0/deed.en"
"http://www.wikidata.org/entity/Q37552","Basset bleu de Gascogne","http://commons.wikimedia.org/wiki/Special:FilePath/Basset%20bleu%20de%20Gascogne.jpg","https://no.wikipedia.org/wiki/Basset_bleu_de_gascogne","Frankrike","M.W. Reichert (Eingestellt von Caronna 10:10, 25 January 2006)","CC BY-SA 3.0","https://creativecommons.org/licenses/by-sa/3.0/"
"http://www.wikidata.org/entity/Q37570","Basset fauve de bretagne","http://commons.wikimedia.org/wiki/Special:FilePath/Basset%20Fauve%20de%20Bretagne%20600.jpg","https://no.wikipedia.org/wiki/Basset_fauve_de_bretagne","Frankrike","","CC BY-SA 3.0","https://creativecommons.org/licenses/by-sa/3.0/"
"http://www.wikidata.org/entity/Q37716","Basset hound","http://commons.wikimedia.org/wiki/Special:FilePath/Basset%20Hound%20600.jpg","https://no.wikipedia.org/wiki/Basset_hound","Frankrike","","CC BY-SA 3.0","https://creativecommons.org/licenses/by-sa/3.0/"
"http://www.wikidata.org/entity/Q37576","Bayersk viltsporhund","http://commons.wikimedia.org/wiki/Special:FilePath/2005-09%20Zoran%201.jpg","https://no.wikipedia.org/wiki/Bayersk_viltsporhund","","Ralf Lotys (Sicherlich)","CC BY 2.5","https://creativecommons.org/licenses/by/2.5"
"http://www.wikidata.org/entity/Q21102","Beagle","http://commons.wikimedia.org/wiki/Special:FilePath/MiloSmet.JPG","https://no.wikipedia.org/wiki/Beagle","Storbritannia","Jonatan De Geest","CC BY-SA 3.0","https://creativecommons.org/licenses/by-sa/3.0"
"http://www.wikidata.org/entity/Q37478","Beagle harrier","http://commons.wikimedia.org/wiki/Special:FilePath/Beagle%20harrier.JPG","https://no.wikipedia.org/wiki/Beagle_harrier","Frankrike","Grzes1966","CC BY-SA 3.0","https://creativecommons.org/licenses/by-sa/3.0"
"http://www.wikidata.org/entity/Q37619","Bearded collie","http://commons.wikimedia.org/wiki/Special:FilePath/Bearded%20Collie.jpg","https://no.wikipedia.org/wiki/Bearded_collie","Skottland","marbla123","CC BY 2.0","https://creativecommons.org/licenses/by/2.0"
"http://www.wikidata.org/entity/Q37720","Beauceron","http://commons.wikimedia.org/wiki/Special:FilePath/BeauceronStand.jpg","https://no.wikipedia.org/wiki/Beauceron","Frankrike","Stefan Schmitz","CC BY-SA 3.0 de","https://creativecommons.org/licenses/by-sa/3.0/de/deed.en"
"http://www.wikidata.org/entity/Q37582","Bedlington terrier","http://commons.wikimedia.org/wiki/Special:FilePath/Bedlington%20terrier.jpeg","https://nn.wikipedia.org/wiki/Bedlington_terrier","England","David Owsiany","CC BY-SA 4.0","https://creativecommons.org/licenses/by-sa/4.0"
"http://www.wikidata.org/entity/Q37624","Belgisk fårehund","http://commons.wikimedia.org/wiki/Special:FilePath/04%20-%20Belgian%20shepherd%20dog%20varieties%20-%20Groenendael%2CTervuren%2C%20Malinois%2C%20Laekenois.jpg","https://no.wikipedia.org/wiki/Belgisk_f%C3%A5rehund","Belgia","Various, see description. Compiled by User:Adventurous36","CC BY-SA 4.0","https://creativecommons.org/licenses/by-sa/4.0"
"http://www.wikidata.org/entity/Q38238","Bergamasco","http://commons.wikimedia.org/wiki/Special:FilePath/Bergamasco%20600.jpg","https://nn.wikipedia.org/wiki/Bergamasco","Italia","","CC BY-SA 3.0","https://creativecommons.org/licenses/by-sa/3.0/"
"http://www.wikidata.org/entity/Q37608","Berner sennenhund","http://commons.wikimedia.org/wiki/Special:FilePath/Bouviers%20Bernois%20Ganjo.jpg","https://nn.wikipedia.org/wiki/Berner_sennenhund","Sveits","Ganjo http://fr.wikipedia.org/wiki/Utilisateur:Ganjo","CC BY-SA 3.0","https://creativecommons.org/licenses/by-sa/3.0/"
"http://www.wikidata.org/entity/Q37600","Bichon frisé","http://commons.wikimedia.org/wiki/Special:FilePath/Bichon%20Fris%C3%A9%20-%20studdogbichon.jpg","https://no.wikipedia.org/wiki/Bichon_fris%C3%A9","","Heike Andres","CC BY-SA 3.0 de","https://creativecommons.org/licenses/by-sa/3.0/de/deed.en"
"http://www.wikidata.org/entity/Q38449","Bichon havanais","http://commons.wikimedia.org/wiki/Special:FilePath/A%20havanese%20dog.jpg","https://no.wikipedia.org/wiki/Bichon_havanais","Cuba","QHuge","CC BY 4.0","https://creativecommons.org/licenses/by/4.0"
"http://www.wikidata.org/entity/Q37537","Black and tan coonhound","http://commons.wikimedia.org/wiki/Special:FilePath/Black%20and%20Tan%20Coonhound.jpg","https://no.wikipedia.org/wiki/Black_and_tan_coonhound","USA","Steffen Heinz ( Caronna )","CC BY-SA 2.5","https://creativecommons.org/licenses/by-sa/2.5"
"http://www.wikidata.org/entity/Q1800312","Black and tan terrier","http://commons.wikimedia.org/wiki/Special:FilePath/A%20black%20and%20tan%20terrier.%20Wood%20engraving.%20Wellcome%20V0021863.jpg","https://no.wikipedia.org/wiki/Black_and_tan_terrier","England / Storbritannia","","CC BY 4.0","https://creativecommons.org/licenses/by/4.0"
"http://www.wikidata.org/entity/Q38945","Blandingshund","http://commons.wikimedia.org/wiki/Special:FilePath/Poligraf%20Poligrafovich.JPG","https://nn.wikipedia.org/wiki/Blandingshund","","Smallbones ( talk )","CC BY-SA 3.0","https://creativecommons.org/licenses/by-sa/3.0"
"http://www.wikidata.org/entity/Q21098","Blodhund","http://commons.wikimedia.org/wiki/Special:FilePath/Perro%20de%20San%20Huberto.jpg","https://no.wikipedia.org/wiki/Blodhund","Belgia","Mary Bloom, American Kennel Club","CC BY-SA 4.0","https://creativecommons.org/licenses/by-sa/4.0"
"http://www.wikidata.org/entity/Q37798","Blå picard spaniel","http://commons.wikimedia.org/wiki/Special:FilePath/Epagneul%20bleu%20de%20picardie%20868.jpg","https://no.wikipedia.org/wiki/Bl%C3%A5_picard_spaniel","Frankrike","Pleple2000","CC BY-SA 3.0","https://creativecommons.org/licenses/by-sa/3.0/"
"http://www.wikidata.org/entity/Q37589","Boerboel","http://commons.wikimedia.org/wiki/Special:FilePath/Boerboel.jpg","https://no.wikipedia.org/wiki/Boerboel","Sør-Afrika","","CC BY-SA 3.0","https://creativecommons.org/licenses/by-sa/3.0/"
"http://www.wikidata.org/entity/Q38496","Bokser","http://commons.wikimedia.org/wiki/Special:FilePath/Boxer%20female%20brown.jpg","https://no.wikipedia.org/wiki/Boxer","Det tyske keisardømet","Flickr user boxercab","CC BY 2.0","https://creativecommons.org/licenses/by/2.0"
"http://www.wikidata.org/entity/Q37566","Bolognese","http://commons.wikimedia.org/wiki/Special:FilePath/Bolo%C5%84czyk%205e3.jpg","https://no.wikipedia.org/wiki/Bolognese","Italia","Pleple2000","CC BY-SA 3.0","https://creativecommons.org/licenses/by-sa/3.0/"
"http://www.wikidata.org/entity/Q37878","Bordeaux dogge","http://commons.wikimedia.org/wiki/Special:FilePath/DJT%200086.jpg","https://no.wikipedia.org/wiki/Bordeaux_dogge","Frankrike","DJT at Dutch Wikipedia ( Original text: DJT )","CC BY-SA 2.5","https://creativecommons.org/licenses/by-sa/2.5"
"http://www.wikidata.org/entity/Q37710","Border collie","http://commons.wikimedia.org/wiki/Special:FilePath/Argentine%20border%20collie.jpg","https://nn.wikipedia.org/wiki/Border_collie","England / Skottland / Storbritannia","Horacio Cambeiro","CC BY-SA 4.0","https://creativecommons.org/licenses/by-sa/4.0"
"http://www.wikidata.org/entity/Q37558","Borderterrier","http://commons.wikimedia.org/wiki/Special:FilePath/Border%20Terri%C3%ABr.JPG","https://no.wikipedia.org/wiki/Borderterrier","Storbritannia","Floris16","CC BY-SA 3.0","https://creativecommons.org/licenses/by-sa/3.0"
"http://www.wikidata.org/entity/Q11854538","Borneohund","http://commons.wikimedia.org/wiki/Special:FilePath/Borneo%20dog.jpg","https://no.wikipedia.org/wiki/Borneohund","","tajai's photos (Upload by: TBjornstad 13:21, 18 July 2006 (UTC))","CC BY 2.0","https://creativecommons.org/licenses/by/2.0"
"http://www.wikidata.org/entity/Q37866","Borzoi","http://commons.wikimedia.org/wiki/Special:FilePath/Borzoi%20female.jpg","https://nn.wikipedia.org/wiki/Borzoi","Russland","Taru T Torpström","CC BY-SA 3.0","https://creativecommons.org/licenses/by-sa/3.0/"
"http://www.wikidata.org/entity/Q37550","Bostonterrier","http://commons.wikimedia.org/wiki/Special:FilePath/BOSTON%20TERRIER%2C%20Ving%C3%A5rdens%20Essi%20von%20Richards%20%2823995273800%29.2.jpg","https://no.wikipedia.org/wiki/Bostonterrier","USA","Svenska Mässan from Sweden","CC BY 2.0","https://creativecommons.org/licenses/by/2.0"
"http://www.wikidata.org/entity/Q37741","Bouvier des ardennes","http://commons.wikimedia.org/wiki/Special:FilePath/Boyero-de-las-ardenas7.jpg","https://no.wikipedia.org/wiki/Bouvier_des_ardennes","Belgia","Andreagenial","CC BY-SA 3.0","https://creativecommons.org/licenses/by-sa/3.0"
"http://www.wikidata.org/entity/Q37896","Bouvier des flandres","http://commons.wikimedia.org/wiki/Special:FilePath/Bouvier.JPG","https://no.wikipedia.org/wiki/Bouvier_des_flandres","Belgia","Basco at Dutch Wikipedia ( Original text: annekedirven@tiscali.nl )","CC BY-SA 3.0","https://creativecommons.org/licenses/by-sa/3.0/"
"http://www.wikidata.org/entity/Q38255","Bracco italiano","http://commons.wikimedia.org/wiki/Special:FilePath/BIR%20Grupp%207-%20BRACCO%20ITALIANO%2C%20Nuits%20Di%20Montemassi%20%2823866391829%29.jpg","https://no.wikipedia.org/wiki/Bracco_italiano","Italia","Svenska Mässan from Sweden","CC BY 2.0","https://creativecommons.org/licenses/by/2.0"
"http://www.wikidata.org/entity/Q1780869","Brasiliansk dogge","http://commons.wikimedia.org/wiki/Special:FilePath/Dogue%20Brasileiro%20Orelha%20Cortada.jpg","https://no.wikipedia.org/wiki/Brasiliansk_dogge","Brasil","CS1982","CC BY-SA 4.0","https://creativecommons.org/licenses/by-sa/4.0"
"http://www.wikidata.org/entity/Q38156","Breton","http://commons.wikimedia.org/wiki/Special:FilePath/American%20Brittany%20standing.jpg","https://no.wikipedia.org/wiki/Breton","Bretagne","Pharaoh Hound","CC BY-SA 3.0","https://creativecommons.org/licenses/by-sa/3.0"
"http://www.wikidata.org/entity/Q37821","Briard","http://commons.wikimedia.org/wiki/Special:FilePath/Briard%20fauve.JPG","https://no.wikipedia.org/wiki/Briard","Frankrike","Birgit Balzer, Deutschland (uploaded by Caronna 17:00, 10 Feb 2005 (UTC))","CC BY-SA 3.0","https://creativecommons.org/licenses/by-sa/3.0/"
"http://www.wikidata.org/entity/Q37737","Broholmer","http://commons.wikimedia.org/wiki/Special:FilePath/Broholmer%20634.jpg","https://no.wikipedia.org/wiki/Broholmer","Danmark","Pleple2000","CC BY-SA 3.0","https://creativecommons.org/licenses/by-sa/3.0/"
"http://www.wikidata.org/entity/Q37917","Bucovina gjeterhund","http://commons.wikimedia.org/wiki/Special:FilePath/Bucovina%20Sheepdog.jpg","https://no.wikipedia.org/wiki/Bucovina_gjeterhund","","P.Marlow at English Wikipedia","Public domain",""
"http://www.wikidata.org/entity/Q38322","Bull terrier","http://commons.wikimedia.org/wiki/Special:FilePath/Bullterier%20089%20LM.jpg","https://no.wikipedia.org/wiki/Bull_terrier","England","Lilly M","CC BY-SA 2.5","https://creativecommons.org/licenses/by-sa/2.5"
"http://www.wikidata.org/entity/Q38080","Bullmastiff","http://commons.wikimedia.org/wiki/Special:FilePath/Dog%20Bullmastiff%20600.jpg","https://no.wikipedia.org/wiki/Bullmastiff","Storbritannia","","CC BY-SA 3.0","https://creativecommons.org/licenses/by-sa/3.0/"
"http://www.wikidata.org/entity/Q38510","Bullterriere","http://commons.wikimedia.org/wiki/Special:FilePath/01.%20Bull%20and%20Terrier%2C%20Paris%201863.%20%22Rose%22.png","https://no.wikipedia.org/wiki/Bullterriere","Dei britiske øyane","L. CREMIÈRE, PHOT","CC0","https://creativecommons.org/publicdomain/zero/1.0/deed.en"
"http://www.wikidata.org/entity/Q37888","Cairn terrier","http://commons.wikimedia.org/wiki/Special:FilePath/Cairn-Terrier-Garten1.jpg","https://nn.wikipedia.org/wiki/Cairn_terrier","Skottland","Ronald Müller-Hagen ( Ketterechts )","CC BY-SA 3.0","https://creativecommons.org/licenses/by-sa/3.0/"
"http://www.wikidata.org/entity/Q21082","Cane corso","http://commons.wikimedia.org/wiki/Special:FilePath/Anita%20Cane%20Corso%20Italiano%20allevato%20in%20Italia.jpg","https://no.wikipedia.org/wiki/Cane_corso","Italia","Topmoretta","CC BY-SA 4.0","https://creativecommons.org/licenses/by-sa/4.0"
"http://www.wikidata.org/entity/Q38602","Canaanhund","http://commons.wikimedia.org/wiki/Special:FilePath/CanaanDogChakede1.jpg","https://no.wikipedia.org/wiki/Canaanhund","Palestina / Kanaan","Samorodokhanaana http://www.ruscanaan.ru","CC BY-SA 3.0","https://creativecommons.org/licenses/by-sa/3.0"
"http://www.wikidata.org/entity/Q37721","Carolinahund","http://commons.wikimedia.org/wiki/Special:FilePath/Carolina%20Strand.jpg","https://no.wikipedia.org/wiki/Carolinahund","USA","Noloha","CC BY-SA 2.0 de","https://creativecommons.org/licenses/by-sa/2.0/de/deed.en"
"http://www.wikidata.org/entity/Q11294205","Catahoula leopard dog","http://commons.wikimedia.org/wiki/Special:FilePath/SasquatchCatahoulaCurDog.jpg","https://no.wikipedia.org/wiki/Catahoula_leopard_dog","USA","Bugaflee","CC BY-SA 3.0","https://creativecommons.org/licenses/by-sa/3.0"
"http://www.wikidata.org/entity/Q38072","Cavalier king charles spaniel","http://commons.wikimedia.org/wiki/Special:FilePath/Betty%20Verdure.Photo%20Ph.BRIZARD.JPG","https://no.wikipedia.org/wiki/Cavalier_king_charles_spaniel","Storbritannia","Mapovfille","CC BY 3.0","https://creativecommons.org/licenses/by/3.0"
"http://www.wikidata.org/entity/Q38642","Cesky terrier","http://commons.wikimedia.org/wiki/Special:FilePath/Cesky-Terier.jpg","https://no.wikipedia.org/wiki/Cesky_terrier","Tsjekkia","Steffen Heinz","CC BY-SA 3.0","https://creativecommons.org/licenses/by-sa/3.0/"
"http://www.wikidata.org/entity/Q2961129","Charniguehund","http://commons.wikimedia.org/wiki/Special:FilePath/Charnigue01.jpg","https://no.wikipedia.org/wiki/Charniguehund","","Jean Pierre Mégnin","Public domain",""
"http://www.wikidata.org/entity/Q29084","Chesapeake bay retriever","http://commons.wikimedia.org/wiki/Special:FilePath/Chesapeake%20Bay%20Retriever1.jpg","https://no.wikipedia.org/wiki/Chesapeake_bay_retriever","USA","Original uploader was Keith Rousseau at en.wikipedia","CC BY-SA 3.0","https://creativecommons.org/licenses/by-sa/3.0/"
"http://www.wikidata.org/entity/Q653","Chihuahua","http://commons.wikimedia.org/wiki/Special:FilePath/Chihuahuas-%20Holly%2C%20Nina%2C%20Doralice.jpg","https://no.wikipedia.org/wiki/Chihuahua_(hund)","Mexico","Caterinarufo","Public domain",""
"http://www.wikidata.org/entity/Q37892","Chinese crested","http://commons.wikimedia.org/wiki/Special:FilePath/IndyStands.jpg","https://no.wikipedia.org/wiki/Chinese_crested","Folkerepublikken Kina","Tommy Gildseth","CC BY 3.0","https://creativecommons.org/licenses/by/3.0"
"http://www.wikidata.org/entity/Q37722","Chinook","http://commons.wikimedia.org/wiki/Special:FilePath/Mountan%20Laurel%20Ajax%20the%20Chinook%20dog.jpg","https://no.wikipedia.org/wiki/Chinook_(hund)","USA","","Copyrighted free use",""
"http://www.wikidata.org/entity/Q37667","Chippiparai","http://commons.wikimedia.org/wiki/Special:FilePath/Female%20Chippiparai%20sitting.jpg","https://no.wikipedia.org/wiki/Chippiparai","India","Richie2089","CC0","https://creativecommons.org/publicdomain/zero/1.0/deed.en"
"http://www.wikidata.org/entity/Q37678","Chortaj","http://commons.wikimedia.org/wiki/Special:FilePath/Hortaya%20Borzaya.jpg","https://no.wikipedia.org/wiki/Chortaj","Ukraina","","CC BY-SA 3.0","https://creativecommons.org/licenses/by-sa/3.0/"
"http://www.wikidata.org/entity/Q29013","Chow-chow","http://commons.wikimedia.org/wiki/Special:FilePath/01%20Chow%20Chow.jpg","https://no.wikipedia.org/wiki/Chow-chow","Folkerepublikken Kina","Prayitno/more than 2.5 millions views: thank you!","CC BY 2.0","https://creativecommons.org/licenses/by/2.0"
"http://www.wikidata.org/entity/Q37851","Clumber spaniel","http://commons.wikimedia.org/wiki/Special:FilePath/Clumber%20spaniel%20767.jpg","https://no.wikipedia.org/wiki/Clumber_spaniel","England","Pleple2000","CC BY-SA 3.0","https://creativecommons.org/licenses/by-sa/3.0/"
"http://www.wikidata.org/entity/Q38533","Cocker spaniel","http://commons.wikimedia.org/wiki/Special:FilePath/%22Bill%22%20-%20Cocker%20spaniel%20anglais%201.jpg","https://nn.wikipedia.org/wiki/Cocker_spaniel","","Jean-Pol GRANDMONT","CC BY 4.0","https://creativecommons.org/licenses/by/4.0"
"http://www.wikidata.org/entity/Q39587","Collie","http://commons.wikimedia.org/wiki/Special:FilePath/Rough%20Collie%20600.jpg","https://no.wikipedia.org/wiki/Collie","","","CC BY-SA 3.0","https://creativecommons.org/licenses/by-sa/3.0/"
"http://www.wikidata.org/entity/Q1196071","Collietype","http://commons.wikimedia.org/wiki/Special:FilePath/1Dog-rough-collie-portrait.jpg","https://no.wikipedia.org/wiki/Collietype","Storbritannia","Karen Arnold","CC0","https://creativecommons.org/publicdomain/zero/1.0/deed.en"
"http://www.wikidata.org/entity/Q37766","Coonhunder","http://commons.wikimedia.org/wiki/Special:FilePath/A%20female%20redbone-coonhound-1.jpg","https://no.wikipedia.org/wiki/Coonhunder","","127177p","CC BY-SA 4.0","https://creativecommons.org/licenses/by-sa/4.0"
"http://www.wikidata.org/entity/Q38295","Coton de Tuléar","http://commons.wikimedia.org/wiki/Special:FilePath/Coton%20de%20Tular%202.jpg","https://no.wikipedia.org/wiki/Coton_de_tul%C3%A9ar","Madagaskar","Uschi Goess (eingestellt von Caronna )","CC BY-SA 3.0","https://creativecommons.org/licenses/by-sa/3.0/"
"http://www.wikidata.org/entity/Q38375","Curly coated retriever","http://commons.wikimedia.org/wiki/Special:FilePath/Curley%20coated%20retriever5.jpg","https://nn.wikipedia.org/wiki/Curly_coated_retriever","Storbritannia","Mattias Agar","CC BY-SA 2.0","https://creativecommons.org/licenses/by-sa/2.0"
"http://www.wikidata.org/entity/Q29099","Dachs","http://commons.wikimedia.org/wiki/Special:FilePath/MiniDachshund1%20wb.jpg","https://no.wikipedia.org/wiki/Dachshund","Tyskland","Ellen Levy Finch ( Elf )","CC BY-SA 3.0","https://creativecommons.org/licenses/by-sa/3.0/"
"http://www.wikidata.org/entity/Q17504","Dalmatiner","http://commons.wikimedia.org/wiki/Special:FilePath/Dalmatien.jpg","https://no.wikipedia.org/wiki/Dalmatiner","Kroatia","Desaix83 , d'après le travail de Le dalmatien","CC BY-SA 3.0","https://creativecommons.org/licenses/by-sa/3.0"
"http://www.wikidata.org/entity/Q38336","Dandie Dinmont terrier","http://commons.wikimedia.org/wiki/Special:FilePath/Dandie%20Dinmont%20Terrier%20600.jpg","https://no.wikipedia.org/wiki/Dandie_dinmont-terrier","Skottland","en:User:Sannse","CC BY-SA 3.0","https://creativecommons.org/licenses/by-sa/3.0/"
"http://www.wikidata.org/entity/Q1779696","Dansk spets","http://commons.wikimedia.org/wiki/Special:FilePath/Dansk%20spids.jpg","https://no.wikipedia.org/wiki/Dansk_spets","Danmark","Jozef","CC BY-SA 3.0","https://creativecommons.org/licenses/by-sa/3.0"
"http://www.wikidata.org/entity/Q29127","Dansk-svensk gardshund","http://commons.wikimedia.org/wiki/Special:FilePath/Danish%20Swedish%20Farmdog%20cropped.jpg","https://nn.wikipedia.org/wiki/Dansk-svensk_gardshund","","Medico80 at English Wikipedia","CC BY-SA 3.0","https://creativecommons.org/licenses/by-sa/3.0/"
"http://www.wikidata.org/entity/Q38358","Dobermann","http://commons.wikimedia.org/wiki/Special:FilePath/Dobermann%20Father-and-son.jpg","https://no.wikipedia.org/wiki/Dobermann","Tyskland","Fran Hogan","CC BY 2.5","https://creativecommons.org/licenses/by/2.5"
"http://www.wikidata.org/entity/Q37750","Dogo canario","http://commons.wikimedia.org/wiki/Special:FilePath/Canary%20Mastiff%20red-brindle2.JPG","https://no.wikipedia.org/wiki/Dogo_canario","","Canarian","CC BY-SA 3.0","https://creativecommons.org/licenses/by-sa/3.0"
"http://www.wikidata.org/entity/Q37827","Drentsche patrijshond","http://commons.wikimedia.org/wiki/Special:FilePath/Drentse%20Patrijshond.jpg","https://no.wikipedia.org/wiki/Drentsche_patrijshond","Nederland","Eric Broeksma","CC BY-SA 3.0","https://creativecommons.org/licenses/by-sa/3.0/"
"http://www.wikidata.org/entity/Q37775","Drever","http://commons.wikimedia.org/wiki/Special:FilePath/Drever%20NUCh%20Tanjo.jpg","https://no.wikipedia.org/wiki/Drever","Sverige","Per Killingmo. Norway (dog owner)","CC BY-SA 3.0","https://creativecommons.org/licenses/by-sa/3.0/"
"http://www.wikidata.org/entity/Q37650","Dunker","http://commons.wikimedia.org/wiki/Special:FilePath/Dunker.jpg","https://no.wikipedia.org/wiki/Dunker","Noreg","DogWiki picture pool, checked by DogWiki-Admin 14th June 2006","CC BY-SA 3.0","https://creativecommons.org/licenses/by-sa/3.0/"
"http://www.wikidata.org/entity/Q38990","Dvergpinsjer","http://commons.wikimedia.org/wiki/Special:FilePath/Grupp%202%20DV%C3%84RGPINCHER%2C%20Pincerella%E2%80%99s%20Rinaldo%20Rosso%20%2824260846206%29.jpg","https://no.wikipedia.org/wiki/Dvergpinscher","Tyskland","Svenska Mässan from Sweden","CC BY 2.0","https://creativecommons.org/licenses/by/2.0"
"http://www.wikidata.org/entity/Q38999","Dvergschnauzer","http://commons.wikimedia.org/wiki/Special:FilePath/%D0%9F%D0%B8%D1%82%D0%BE%D0%BC%D0%BD%D0%B8%D0%BA%20%22%D0%90%D1%81%D1%81%D0%BE%D0%BD%20%D0%90%D1%80%D0%B8%22%20%D0%A6%D0%B2%D0%B5%D1%80%D0%B3%D1%88%D0%BD%D0%B0%D1%83%D1%86%D0%B5%D1%80%D1%8B%20%D0%B1%D0%B5%D0%BB%D1%8B%D0%B5%20%D0%B8%20%D1%87%D0%B5%D1%80%D0%BD%D1%8B%D0%B5%20%D1%81%20%D1%81%D0%B5%D1%80%D0%B5%D0%B1%D1%80%D0%BE%D0%BC%2012.jpg","https://no.wikipedia.org/wiki/Dvergschnauzer","Tyskland","Zorik07","CC BY-SA 3.0","https://creativecommons.org/licenses/by-sa/3.0"
"http://www.wikidata.org/entity/Q38383","Engelsk bulldog","http://commons.wikimedia.org/wiki/Special:FilePath/Racib%C3%B3rz%202007%20082.jpg","https://nn.wikipedia.org/wiki/Engelsk_bulldog","Storbritannia","Pleple2000","CC BY-SA 3.0","https://creativecommons.org/licenses/by-sa/3.0"
"http://www.wikidata.org/entity/Q38418","Engelsk mastiff","http://commons.wikimedia.org/wiki/Special:FilePath/Mastif%20angielski%20pregowany%20nn.jpg","https://no.wikipedia.org/wiki/Engelsk_mastiff","England","Pleple2000","CC BY-SA 3.0","https://creativecommons.org/licenses/by-sa/3.0/"
"http://www.wikidata.org/entity/Q38309","Engelsk setter","http://commons.wikimedia.org/wiki/Special:FilePath/English%20setter.jpg","https://nn.wikipedia.org/wiki/Engelsk_setter","England","","CC BY-SA 3.0","https://creativecommons.org/licenses/by-sa/3.0/"
"http://www.wikidata.org/entity/Q29022","Engelsk springer spaniel","http://commons.wikimedia.org/wiki/Special:FilePath/Englishspringerspaniel%20Winston.jpg","https://no.wikipedia.org/wiki/Engelsk_springer_spaniel","","SuviLindholm","CC BY-SA 3.0","https://creativecommons.org/licenses/by-sa/3.0"
"http://www.wikidata.org/entity/Q37782","Engelsk toy terrier","http://commons.wikimedia.org/wiki/Special:FilePath/English%20Toy%20Terrier%20600%2001.jpg","https://no.wikipedia.org/wiki/Engelsk_toy_terrier","England","sannse (contrast by Pleple2000 )","CC BY-SA 3.0","https://creativecommons.org/licenses/by-sa/3.0/"
"http://www.wikidata.org/entity/Q37986","Entlebucher sennenhund","http://commons.wikimedia.org/wiki/Special:FilePath/Entlebucher%20sennenhond.jpg","https://no.wikipedia.org/wiki/Entlebucher_sennenhund","Sveits","Entlebucher","CC BY-SA 4.0","https://creativecommons.org/licenses/by-sa/4.0"
"http://www.wikidata.org/entity/Q38262","Etnahund","http://commons.wikimedia.org/wiki/Special:FilePath/Cirneco%20dell%20Etna%20611.jpg","https://no.wikipedia.org/wiki/Etnahund","Italia","de:Benutzer:Jan Eduard , contrast Pleple2000","CC BY-SA 3.0","https://creativecommons.org/licenses/by-sa/3.0/"
"http://www.wikidata.org/entity/Q37946","Eurasier","http://commons.wikimedia.org/wiki/Special:FilePath/Eurasier.jpg","https://no.wikipedia.org/wiki/Eurasier","Tyskland","Ekta at Dutch Wikipedia","CC BY-SA 3.0","https://creativecommons.org/licenses/by-sa/3.0/"
"http://www.wikidata.org/entity/Q38808","Faraohund","http://commons.wikimedia.org/wiki/Special:FilePath/Pies%20faraona%20e34.jpg","https://no.wikipedia.org/wiki/Faraohund","Egypt","Pleple2000","CC BY-SA 3.0","https://creativecommons.org/licenses/by-sa/3.0/"
"http://www.wikidata.org/entity/Q29177","Field Spaniel","http://commons.wikimedia.org/wiki/Special:FilePath/Field%20spaniel%20581.jpg","https://no.wikipedia.org/wiki/Field_spaniel","England","Pleple2000","CC BY-SA 3.0","https://creativecommons.org/licenses/by-sa/3.0/"
"http://www.wikidata.org/entity/Q37808","Fila brasileiro","http://commons.wikimedia.org/wiki/Special:FilePath/Yacare%20De%20El%20Siledin.JPG","https://no.wikipedia.org/wiki/Fila_brasileiro","Brasil","Doglover","CC BY 3.0","https://creativecommons.org/licenses/by/3.0"
"http://www.wikidata.org/entity/Q29188","Finsk lapphund","http://commons.wikimedia.org/wiki/Special:FilePath/Finselappenhond%20louhi-no%20watermark.jpg","https://nn.wikipedia.org/wiki/Finsk_lapphund","Finland","SandyA at Dutch Wikipedia ( Original text: Sandy )","Public domain",""
"http://www.wikidata.org/entity/Q29195","Finsk spets","http://commons.wikimedia.org/wiki/Special:FilePath/Finnish%20Spitz%20600.jpg","https://no.wikipedia.org/wiki/Finsk_spets","Finland","","CC BY-SA 3.0","https://creativecommons.org/licenses/by-sa/3.0/"
"http://www.wikidata.org/entity/Q37840","Finsk støver","http://commons.wikimedia.org/wiki/Special:FilePath/Nuori-suomenajokoira.jpg","https://no.wikipedia.org/wiki/Finsk_st%C3%B8ver","Finland","Arto Alanenpää","CC BY 3.0","https://creativecommons.org/licenses/by/3.0"
"http://www.wikidata.org/entity/Q29200","Flat coated retriever","http://commons.wikimedia.org/wiki/Special:FilePath/Flat%20Coated%20Retriever%20-%20black.jpg","https://no.wikipedia.org/wiki/Flat_coated_retriever","Storbritannia","Gunnandreassen","CC BY-SA 3.0","https://creativecommons.org/licenses/by-sa/3.0/"
"http://www.wikidata.org/entity/Q39220","Foxterrier","http://commons.wikimedia.org/wiki/Special:FilePath/01%20Wire%20Fox%20terrier.jpg","https://no.wikipedia.org/wiki/Foxterrier","Storbritannia","State Farm","CC BY 2.0","https://creativecommons.org/licenses/by/2.0"
"http://www.wikidata.org/entity/Q29149","Fransk bulldog","http://commons.wikimedia.org/wiki/Special:FilePath/%D0%A4%D1%80%D0%B0%D0%BD%D1%86%D1%83%D0%B7%D1%81%D0%BA%D0%B8%D0%B5%20%D0%B1%D1%83%D0%BB%D1%8C%D0%B4%D0%BE%D0%B3%D0%B8%202013-09-02%2011-36.JPG","https://no.wikipedia.org/wiki/Fransk_bulldog","Frankrike","User:Frosya a","CC BY-SA 3.0","https://creativecommons.org/licenses/by-sa/3.0"
"http://www.wikidata.org/entity/Q38001","Fransk vorstehhund ullpelset","http://commons.wikimedia.org/wiki/Special:FilePath/Griffon%20Boulet%20from%201915.JPG","https://no.wikipedia.org/wiki/Fransk_vorstehhund_ullpelset","","not specified (except those with signature on image)","Public domain",""
"http://www.wikidata.org/entity/Q37494","Gammel dansk hønsehund","http://commons.wikimedia.org/wiki/Special:FilePath/Wy%C5%BCe%C5%82%20du%C5%84ski%20123.jpg","https://no.wikipedia.org/wiki/Gammel_dansk_h%C3%B8nsehund","Danmark","Pleple2000","CC BY-SA 3.0","https://creativecommons.org/licenses/by-sa/3.0/"
"http://www.wikidata.org/entity/Q38219","Gampr","http://commons.wikimedia.org/wiki/Special:FilePath/Armenian%20Gampr%2001.jpg","https://no.wikipedia.org/wiki/Gampr","Armenia","Zara-arush at Armenian Wikipedia","GFDL","https://www.gnu.org/copyleft/fdl.html"
"http://www.wikidata.org/entity/Q38686","Golden retriever","http://commons.wikimedia.org/wiki/Special:FilePath/Golden%20Retriever%20Dukedestiny01%20drvd.jpg","https://nn.wikipedia.org/wiki/Golden_retriever","Skottland / Storbritannia","Dukedestiny01.jpg : ""Janneke Vreugdenhil"" derivative work: Anka Friedrich","Public domain",""
"http://www.wikidata.org/entity/Q38301","Gordon setter","http://commons.wikimedia.org/wiki/Special:FilePath/Orrvilas%20enska%20w800px.jpg","https://no.wikipedia.org/wiki/Gordon_setter","Skottland","","CC BY-SA 3.0","https://creativecommons.org/licenses/by-sa/3.0/"
"http://www.wikidata.org/entity/Q38000","Grand Basset Griffon Vendéen","http://commons.wikimedia.org/wiki/Special:FilePath/G%20Basset%20Griffon%20Vendeen%20600.jpg","https://no.wikipedia.org/wiki/Grand_basset_griffon_vend%C3%A9en","Frankrike","Original uploader was Sannse at en.wikipedia","CC BY-SA 3.0","https://creativecommons.org/licenses/by-sa/3.0/"
"http://www.wikidata.org/entity/Q5414","Grand danois","http://commons.wikimedia.org/wiki/Special:FilePath/8675eds%20win.jpg","https://no.wikipedia.org/wiki/Grand_danois","Tyskland","Original uploader was Markovade.pero at sr.wikipedia","CC BY-SA 3.0 rs","https://creativecommons.org/licenses/by-sa/3.0/rs/deed.en"
"http://www.wikidata.org/entity/Q38571","Greyhound","http://commons.wikimedia.org/wiki/Special:FilePath/GraceTheGreyhound.jpg","https://no.wikipedia.org/wiki/Greyhound","Storbritannia","Neurodoc","CC BY-SA 3.0","https://creativecommons.org/licenses/by-sa/3.0/"
"http://www.wikidata.org/entity/Q38889","Griffon bruxellois","http://commons.wikimedia.org/wiki/Special:FilePath/Monkey%20Bizniz%20Drama%20Queen.jpg","https://no.wikipedia.org/wiki/Griffon_bruxellois","Belgia","Arne Fagerholt","CC BY 3.0","https://creativecommons.org/licenses/by/3.0"
"http://www.wikidata.org/entity/Q38399","Groenendael","http://commons.wikimedia.org/wiki/Special:FilePath/European%20Groenendael%20male.jpg","https://no.wikipedia.org/wiki/Groenendael","Belgia","Nachoferreyra","CC BY-SA 4.0","https://creativecommons.org/licenses/by-sa/4.0"
"http://www.wikidata.org/entity/Q38777","Grosser münsterländer","http://commons.wikimedia.org/wiki/Special:FilePath/GrosserMuensterlaender.jpg","https://no.wikipedia.org/wiki/Grosser_m%C3%BCnsterl%C3%A4nder","Tyskland","Pia C. Groening","CC BY-SA 3.0","https://creativecommons.org/licenses/by-sa/3.0/"
"http://www.wikidata.org/entity/Q38121","Grosser schweizer Sennenhund","http://commons.wikimedia.org/wiki/Special:FilePath/Swissy-2009-11-02.jpg","https://no.wikipedia.org/wiki/Grosser_schweizer_sennenhund","Sveits","Swissy.JPG : KIKKUZZO88 derivative work: Pleple2000 ( talk )","Public domain",""
"http://www.wikidata.org/entity/Q38515","Grønlandshund","http://commons.wikimedia.org/wiki/Special:FilePath/Greenland%20dog%20upernavik%202007-06-02%20sample.jpg","https://no.wikipedia.org/wiki/Gr%C3%B8nlandshund","Grønland","Slaunger , edited by Thegreenj","CC BY-SA 3.0","https://creativecommons.org/licenses/by-sa/3.0"
"http://www.wikidata.org/entity/Q37982","Haldenstøver","http://commons.wikimedia.org/wiki/Special:FilePath/Haldenstovare.jpg","https://no.wikipedia.org/wiki/Haldenst%C3%B8ver","Noreg","Sabine (dogwiki) on http://www.profi1a.de/dogwiki/index.php/Benutzer:Sabine","CC BY-SA 3.0","https://creativecommons.org/licenses/by-sa/3.0/"
"http://www.wikidata.org/entity/Q37978","Hamiltonstøver","http://commons.wikimedia.org/wiki/Special:FilePath/Hamiltonstovare%20600.jpg","https://no.wikipedia.org/wiki/Hamiltonst%C3%B8ver","Sverige","sannse","CC BY-SA 3.0","https://creativecommons.org/licenses/by-sa/3.0/"
"http://www.wikidata.org/entity/Q38107","Harrier","http://commons.wikimedia.org/wiki/Special:FilePath/Harrier%20tricolour.jpg","https://no.wikipedia.org/wiki/Harrier_(hund)","Storbritannia","Smcmilla (edited by Pharaoh Hound )","Public domain",""
"http://www.wikidata.org/entity/Q10519107","Hedehund","http://commons.wikimedia.org/wiki/Special:FilePath/Hedehund.JPG","https://no.wikipedia.org/wiki/Hedehund","","Own work","CC0","https://creativecommons.org/publicdomain/zero/1.0/deed.en"
"http://www.wikidata.org/entity/Q23853","Hokkaido","http://commons.wikimedia.org/wiki/Special:FilePath/Hokkaido%2002.jpg","https://no.wikipedia.org/wiki/Hokkaido_(hund)","Japan","Magdalena Niemiec","CC BY-SA 3.0","https://creativecommons.org/licenses/by-sa/3.0"
"http://www.wikidata.org/entity/Q29114","Hollandsk gjeterhund","http://commons.wikimedia.org/wiki/Special:FilePath/Hollandse%20herder%20korthaar.jpg","https://no.wikipedia.org/wiki/Hollandsk_gjeterhund","Nederland","Teunie at Dutch Wikipedia","CC BY-SA 3.0","https://creativecommons.org/licenses/by-sa/3.0/"
"http://www.wikidata.org/entity/Q38368","Hovawart","http://commons.wikimedia.org/wiki/Special:FilePath/Dog%20Hovavart.jpg","https://no.wikipedia.org/wiki/Hovawart","Tyskland","","CC BY-SA 3.0","https://creativecommons.org/licenses/by-sa/3.0/"
"http://www.wikidata.org/entity/Q37934","Hvit gjeterhund","http://commons.wikimedia.org/wiki/Special:FilePath/WhiteShepherd.jpg","https://no.wikipedia.org/wiki/Hvit_gjeterhund","Sveits","SarahWoltz","CC BY-SA 3.0","https://creativecommons.org/licenses/by-sa/3.0"
"http://www.wikidata.org/entity/Q38016","Hygenhund","http://commons.wikimedia.org/wiki/Special:FilePath/Norwegian%20Hygenhound.jpg","https://no.wikipedia.org/wiki/Hygenhund","Noreg","Bjørn Konestabo","CC BY-SA 3.0","https://creativecommons.org/licenses/by-sa/3.0"
"http://www.wikidata.org/entity/Q4353804","Hälleforshund","http://commons.wikimedia.org/wiki/Special:FilePath/Hades%20Mosshult%20H%C3%A4lleforsare.jpg","https://no.wikipedia.org/wiki/H%C3%A4lleforshund","Sverige","Roguesenvogue","CC BY 3.0","https://creativecommons.org/licenses/by/3.0"
"http://www.wikidata.org/entity/Q38189","Irish glen of imaal terrier","http://commons.wikimedia.org/wiki/Special:FilePath/Adult%20Glen%20of%20Imaal%20terrier.jpg","https://no.wikipedia.org/wiki/Irish_glen_of_imaal_terrier","Irland","photo by Scoo","CC BY-SA 2.5","https://creativecommons.org/licenses/by-sa/2.5"
"http://www.wikidata.org/entity/Q38047","Irish softcoated wheaten terrier","http://commons.wikimedia.org/wiki/Special:FilePath/Soft%20Coated%20Wheaten%20Terrier%20600.jpg","https://no.wikipedia.org/wiki/Irish_softcoated_wheaten_terrier","","sannse","CC BY-SA 3.0","https://creativecommons.org/licenses/by-sa/3.0/"
"http://www.wikidata.org/entity/Q38289","Irsk rød og hvit setter","http://commons.wikimedia.org/wiki/Special:FilePath/Irish%20Red%20And%20White%20Setter%202005.jpg","https://no.wikipedia.org/wiki/Irsk_r%C3%B8d_og_hvit_setter","","Missledwidge","CC BY-SA 3.0","https://creativecommons.org/licenses/by-sa/3.0"
"http://www.wikidata.org/entity/Q38761","Irsk setter","http://commons.wikimedia.org/wiki/Special:FilePath/Can%20Setter%20dog%20GFDL.jpg","https://nn.wikipedia.org/wiki/Irsk_setter","Irland","Luis Miguel Bugallo Sánchez ( Lmbuga Commons )( Lmbuga Galipedia ) Publicada por/ Publish by : Luis Miguel Bugallo Sánchez","CC BY-SA 3.0","https://creativecommons.org/licenses/by-sa/3.0/"
"http://www.wikidata.org/entity/Q38644","Irsk terrier","http://commons.wikimedia.org/wiki/Special:FilePath/Irish%20Terrier%20P1060074.jpg","https://nn.wikipedia.org/wiki/Irsk_terrier","","Goldmull","CC BY-SA 4.0","https://creativecommons.org/licenses/by-sa/4.0"
"http://www.wikidata.org/entity/Q38668","Irsk ulvehund","http://commons.wikimedia.org/wiki/Special:FilePath/Irish%20wolfhound%20giaccomo.JPG","https://no.wikipedia.org/wiki/Irsk_ulvehund","Irland","Camillo 60","CC BY-SA 3.0","https://creativecommons.org/licenses/by-sa/3.0/"
"http://www.wikidata.org/entity/Q38162","Irsk vasspaniel","http://commons.wikimedia.org/wiki/Special:FilePath/Irlandzki%20spaniel%20wodny%20676.jpg","https://nn.wikipedia.org/wiki/Irsk_vasspaniel","","Pleple2000","CC BY-SA 3.0","https://creativecommons.org/licenses/by-sa/3.0/"
"http://www.wikidata.org/entity/Q38710","Islandsk fårehund","http://commons.wikimedia.org/wiki/Special:FilePath/Ulfur.jpg","https://no.wikipedia.org/wiki/Islandsk_f%C3%A5rehund","Island","User Zonjah on en.wikipedia","CC BY-SA 3.0","https://creativecommons.org/licenses/by-sa/3.0/"
"http://www.wikidata.org/entity/Q38503","Italiensk mynde","http://commons.wikimedia.org/wiki/Special:FilePath/Charciki%20W%C5%82oskie%2C%20doros%C5%82y%20i%20szczeniak.jpg","https://no.wikipedia.org/wiki/Italiensk_mynde","Italia","Tesori di Carli","CC BY-SA 4.0","https://creativecommons.org/licenses/by-sa/4.0"
"http://www.wikidata.org/entity/Q39161","Italiensk spinone","http://commons.wikimedia.org/wiki/Special:FilePath/Spinone%20italiano%20Daisy.JPG","https://no.wikipedia.org/wiki/Italiensk_spinone","Italia","","CC BY-SA 3.0","https://creativecommons.org/licenses/by-sa/3.0/"
"http://www.wikidata.org/entity/Q38287","Jack Russell-terrier","http://commons.wikimedia.org/wiki/Special:FilePath/Jack%20Russell%20Terrier%201.jpg","https://no.wikipedia.org/wiki/Jack_russell-terrier","Storbritannia / Australia","Plank","CC BY 3.0","https://creativecommons.org/licenses/by/3.0"
"http://www.wikidata.org/entity/Q38020","Jakutisk laika","http://commons.wikimedia.org/wiki/Special:FilePath/618736210a13.jpg","https://no.wikipedia.org/wiki/Jakutisk_laika","Sakha","Yras","CC BY-SA 3.0","https://creativecommons.org/licenses/by-sa/3.0"
"http://www.wikidata.org/entity/Q38146","Japanese chin","http://commons.wikimedia.org/wiki/Special:FilePath/Japanese%20Chin%20adult.jpg","https://no.wikipedia.org/wiki/Japanese_chin","Japan","en:User:Trysha","CC BY-SA 3.0","https://creativecommons.org/licenses/by-sa/3.0/"
"http://www.wikidata.org/entity/Q38126","Japansk spisshund","http://commons.wikimedia.org/wiki/Special:FilePath/JapaneseSpitzPhoto1%20-%20hiro.jpg","https://no.wikipedia.org/wiki/Japansk_spisshund","Japan","Hakumichi","Public domain",""
"http://www.wikidata.org/entity/Q37976","Japansk terrier","http://commons.wikimedia.org/wiki/Special:FilePath/Japanese%20Terrier%2022.04.2012%202pl.jpg","https://no.wikipedia.org/wiki/Japansk_terrier","Japan","Pleple2000","CC BY-SA 3.0","https://creativecommons.org/licenses/by-sa/3.0"
"http://www.wikidata.org/entity/Q38105","Jämthund","http://commons.wikimedia.org/wiki/Special:FilePath/Jamthlnd.jpg","https://no.wikipedia.org/wiki/J%C3%A4mthund","Sverige","","Public domain",""
"http://www.wikidata.org/entity/Q38223","Kaï","http://commons.wikimedia.org/wiki/Special:FilePath/Image%20of%20Kai%20%28dog%29.jpg","https://no.wikipedia.org/wiki/Ka%C3%AF","Japan","","CC BY-SA 3.0","https://creativecommons.org/licenses/by-sa/3.0/"
"http://www.wikidata.org/entity/Q29040","Kanadisk eskimohund","http://commons.wikimedia.org/wiki/Special:FilePath/Cedpup.jpg","https://no.wikipedia.org/wiki/Kanadisk_eskimohund","Canada","Winterwindmals","Public domain",""
"http://www.wikidata.org/entity/Q38958","Kanni","http://commons.wikimedia.org/wiki/Special:FilePath/Kanni.jpg","https://no.wikipedia.org/wiki/Kanni","India","Crkuberan","CC BY-SA 4.0","https://creativecommons.org/licenses/by-sa/4.0"
"http://www.wikidata.org/entity/Q37950","Karelsk bjørnehund","http://commons.wikimedia.org/wiki/Special:FilePath/Karelski%20pies%20na%20nied%C5%BAwiedzie%20sylwetka.JPG","https://no.wikipedia.org/wiki/Karelsk_bj%C3%B8rnehund","Finland","Fraczek.marcin","CC BY-SA 4.0","https://creativecommons.org/licenses/by-sa/4.0"
"http://www.wikidata.org/entity/Q2642504","Karelsk-finsk laika","http://commons.wikimedia.org/wiki/Special:FilePath/Karelo%20Finnish%20Laika.jpg","https://no.wikipedia.org/wiki/Karelsk-finsk_laika","Finland","Павел Трофимов (Pavel Trofimov)","CC BY 2.5","https://creativecommons.org/licenses/by/2.5"
"http://www.wikidata.org/entity/Q37954","Karst gjeterhund","http://commons.wikimedia.org/wiki/Special:FilePath/Owczarek%20kraski%20654.jpg","https://no.wikipedia.org/wiki/Karst_gjeterhund","Slovenia","Pleple2000","CC BY-SA 3.0","https://creativecommons.org/licenses/by-sa/3.0/"
"http://www.wikidata.org/entity/Q29058","Katalansk gjeterhund","http://commons.wikimedia.org/wiki/Special:FilePath/Catalaanse%20herder.JPG","https://no.wikipedia.org/wiki/Katalansk_gjeterhund","","Donnamosa at Dutch Wikipedia","CC BY-SA 3.0","https://creativecommons.org/licenses/by-sa/3.0/"
"http://www.wikidata.org/entity/Q38576","Kaukasisk ovtcharka","http://commons.wikimedia.org/wiki/Special:FilePath/Owczarek%20kaukaski%2065556.jpg","https://no.wikipedia.org/wiki/Kaukasisk_ovtcharka","","Pleple2000","CC BY-SA 3.0","https://creativecommons.org/licenses/by-sa/3.0/"
"http://www.wikidata.org/entity/Q38025","Kerry blue terrier","http://commons.wikimedia.org/wiki/Special:FilePath/Kerry%20Blue%20Terrier.jpg","https://no.wikipedia.org/wiki/Kerry_blue_terrier","","Peter Kumpert, Germany","CC BY-SA 3.0 de","https://creativecommons.org/licenses/by-sa/3.0/de/deed.en"
"http://www.wikidata.org/entity/Q38132","King charles spaniel","http://commons.wikimedia.org/wiki/Special:FilePath/King%20Charles%20Spaniel%20200.jpg","https://no.wikipedia.org/wiki/King_charles_spaniel","","Pleple2000 10:18, 5 April 2006 (UTC)","CC BY-SA 3.0","https://creativecommons.org/licenses/by-sa/3.0/"
"http://www.wikidata.org/entity/Q1742290","Kintamanihund","http://commons.wikimedia.org/wiki/Special:FilePath/Kintamani.jpg","https://no.wikipedia.org/wiki/Kintamanihund","Indonesia","Imk0278 en.wikipedia","Public domain",""
"http://www.wikidata.org/entity/Q39239","Kirgisisk mynde","http://commons.wikimedia.org/wiki/Special:FilePath/Tajgan%20MB%20002.jpg","https://no.wikipedia.org/wiki/Kirgisisk_mynde","Kirgisistan","Marcin Błaszkowski","Public domain",""
"http://www.wikidata.org/entity/Q38342","Kishu","http://commons.wikimedia.org/wiki/Special:FilePath/Kishu.jpg","https://no.wikipedia.org/wiki/Kishu_(hund)","Japan","Sabine, user of DogWiki","CC BY-SA 3.0","https://creativecommons.org/licenses/by-sa/3.0/"
"http://www.wikidata.org/entity/Q38036","Kleiner münsterländer","http://commons.wikimedia.org/wiki/Special:FilePath/Kleiner%20Munsterlander%20edit.jpg","https://no.wikipedia.org/wiki/Kleiner_m%C3%BCnsterl%C3%A4nder","Tyskland","Edit by Pharaoh Hound , original photo uploaded by Caronna","CC BY 2.5","https://creativecommons.org/licenses/by/2.5"
"http://www.wikidata.org/entity/Q38675","Komondor","http://commons.wikimedia.org/wiki/Special:FilePath/Komondor%20Westminster%20Dog%20Show%20crop.jpg","https://no.wikipedia.org/wiki/Komondor","Ungarn","Photo taken by Flickr user whartonds . Edit (cropped) by Pharaoh Hound .","CC BY-SA 2.5","https://creativecommons.org/licenses/by-sa/2.5"
"http://www.wikidata.org/entity/Q38115","Kontinental toy spaniel","http://commons.wikimedia.org/wiki/Special:FilePath/Outdoor%20Continental%20Toy%20Spaniel%20Papillon.jpeg","https://no.wikipedia.org/wiki/Kontinental_toy_spaniel","Belgia","Gvdmoort","CC BY-SA 3.0","https://creativecommons.org/licenses/by-sa/3.0"
"http://www.wikidata.org/entity/Q38716","Kooikerhund","http://commons.wikimedia.org/wiki/Special:FilePath/Kooiker03.jpg","https://no.wikipedia.org/wiki/Kooikerhund","Nederland","","CC BY 2.5","https://creativecommons.org/licenses/by/2.5"
"http://www.wikidata.org/entity/Q38951","Koolie","http://commons.wikimedia.org/wiki/Special:FilePath/Pete%20may01%20web.JPG","https://no.wikipedia.org/wiki/Koolie","Australia","The original uploader was Koolieoz at English Wikipedia .","Public domain",""
"http://www.wikidata.org/entity/Q492644","Koreansk chejudo","http://commons.wikimedia.org/wiki/Special:FilePath/Jeju%20dog.jpg","https://no.wikipedia.org/wiki/Koreansk_chejudo","Sør-Korea","Jeju Special Self-Governing Province","KOGL Type 1","https://www.kogl.or.kr/info/licenseType1.do"
"http://www.wikidata.org/entity/Q1135818","Koreansk hund","http://commons.wikimedia.org/wiki/Special:FilePath/Korean%20Yellow%20Spitz%2C%20Gyeyang%2C%20South%20Korea%2C%2029%20August%202022%202.jpg","https://no.wikipedia.org/wiki/Koreansk_hund","Sør-Korea","배부른 아이","CC BY 2.0 kr","https://creativecommons.org/licenses/by/2.0/kr/deed.en"
"http://www.wikidata.org/entity/Q38074","Kretahund","http://commons.wikimedia.org/wiki/Special:FilePath/Kritikosichnilatis%201.jpg","https://no.wikipedia.org/wiki/Kretahund","","www.kritikosichnilatis.gr","Copyrighted free use",""
"http://www.wikidata.org/entity/Q38726","Labrador retriever","http://commons.wikimedia.org/wiki/Special:FilePath/Yellow%20Labrador%20Retriever%202.jpg","https://nn.wikipedia.org/wiki/Labrador_retriever","Canada / England / Storbritannia","SixtyWeb","CC BY-SA 3.0","https://creativecommons.org/licenses/by-sa/3.0"
"http://www.wikidata.org/entity/Q37815","Laekenois","http://commons.wikimedia.org/wiki/Special:FilePath/Belgian%20Laekenois%20600.jpg","https://no.wikipedia.org/wiki/Laekenois","Belgia","","CC BY-SA 3.0","https://creativecommons.org/licenses/by-sa/3.0/"
"http://www.wikidata.org/entity/Q38910","Lagotto romagnolo","http://commons.wikimedia.org/wiki/Special:FilePath/Lagotto%20Romagnolo.jpg","https://no.wikipedia.org/wiki/Lagotto_romagnolo","Italia","","CC BY-SA 3.0","https://creativecommons.org/licenses/by-sa/3.0/"
"http://www.wikidata.org/entity/Q37972","Lancashire heeler","http://commons.wikimedia.org/wiki/Special:FilePath/Grupp%201%2C%20LANCASHIRE%20HEELER%2C%20NO%20UCH%20NO%20V-14%20NO%20V-15%20SE%20UCH%20St%C3%A5hlskyttens%20Longed%20For%20Antony%20%2824284065606%29.jpg","https://no.wikipedia.org/wiki/Lancashire_heeler","England","Svenska Mässan from Sweden","CC BY 2.0","https://creativecommons.org/licenses/by/2.0"
"http://www.wikidata.org/entity/Q38950","Landseer","http://commons.wikimedia.org/wiki/Special:FilePath/Landseer.jpg","https://nn.wikipedia.org/wiki/Landseer","","","CC BY-SA 3.0","https://creativecommons.org/licenses/by-sa/3.0/"
"http://www.wikidata.org/entity/Q38362","Lapsk vallhund","http://commons.wikimedia.org/wiki/Special:FilePath/Lapskvallhund.jpg","https://no.wikipedia.org/wiki/Lapsk_vallhund","Finland","Patrik Fors","CC BY-SA 3.0","https://creativecommons.org/licenses/by-sa/3.0/"
"http://www.wikidata.org/entity/Q38487","Leonberger","http://commons.wikimedia.org/wiki/Special:FilePath/Leonberger%20male.jpg","https://no.wikipedia.org/wiki/Leonberger","Tyskland","Kurre92","CC BY-SA 4.0","https://creativecommons.org/licenses/by-sa/4.0"
"http://www.wikidata.org/entity/Q38352","Lhasa apso","http://commons.wikimedia.org/wiki/Special:FilePath/Grupp%209%2C%20LHASA%20APSO%2C%20DK%20JV-13%20DK%20V-14%20DK%20V-15%20NO%20UCH%20NO%20V-15%20SE%20UCH%20Chic%20Choix%20Some%20Like%20It%20Chic%20%2824014621720%29.jpg","https://no.wikipedia.org/wiki/Lhasa_apso","Tibet","Svenska Mässan from Sweden","CC BY 2.0","https://creativecommons.org/licenses/by/2.0"
"http://www.wikidata.org/entity/Q38027","Løwchen","http://commons.wikimedia.org/wiki/Special:FilePath/LowchenFemale.jpg","https://no.wikipedia.org/wiki/L%C3%B8wchen","Europa","Jappitoo","CC BY-SA 3.0","https://creativecommons.org/licenses/by-sa/3.0"
"http://www.wikidata.org/entity/Q38494","Malinois","http://commons.wikimedia.org/wiki/Special:FilePath/Grupp%201%2C%20BELGISK%20VALLHUND%2C%20MALINOIS%2C%20Krokasmedens%20Epic%20%2824014622180%29.jpg","https://no.wikipedia.org/wiki/Malinois","Belgia","Svenska Mässan from Sweden","CC BY 2.0","https://creativecommons.org/licenses/by/2.0"
"http://www.wikidata.org/entity/Q38751","Malteser","http://commons.wikimedia.org/wiki/Special:FilePath/Maltezer%20Vereniging%20Belgie.jpg","https://no.wikipedia.org/wiki/Malteser","","Maltezervereniging","Public domain",""
"http://www.wikidata.org/entity/Q38387","Manchester terrier","http://commons.wikimedia.org/wiki/Special:FilePath/Manchesterterrier.jpg","https://no.wikipedia.org/wiki/Manchester_terrier","England","","CC BY 3.0","https://creativecommons.org/licenses/by/3.0"
"http://www.wikidata.org/entity/Q21074","Maremma","http://commons.wikimedia.org/wiki/Special:FilePath/Cane%20Pastore%20Abruzzese%20Abruzzo.jpg","https://no.wikipedia.org/wiki/Maremma_(hund)","Italia","The original uploader was MGerety at English Wikipedia .","CC BY-SA 3.0","https://creativecommons.org/licenses/by-sa/3.0"
"http://www.wikidata.org/entity/Q38856","Meksikansk nakenhund","http://commons.wikimedia.org/wiki/Special:FilePath/XoloLarge1.jpg","https://no.wikipedia.org/wiki/Meksikansk_nakenhund","Mexico","Canarian","CC BY-SA 4.0","https://creativecommons.org/licenses/by-sa/4.0"
"http://www.wikidata.org/entity/Q13217219","Molossushund","http://commons.wikimedia.org/wiki/Special:FilePath/Molossian%20Hound%2C%20British%20Museum.jpg","https://nn.wikipedia.org/wiki/Molossushund","Epirus","Photograph by Mike Peel ( www.mikepeel.net ).","CC BY-SA 4.0","https://creativecommons.org/licenses/by-sa/4.0"
"http://www.wikidata.org/entity/Q38698","Mops","http://commons.wikimedia.org/wiki/Special:FilePath/2.5-year-old%20fawn%20male%20pug.jpg","https://nn.wikipedia.org/wiki/Mops","Kina","Abuk SABUK","CC BY-SA 3.0","https://creativecommons.org/licenses/by-sa/3.0"
"http://www.wikidata.org/entity/Q38518","Moskovaisk vakthund","http://commons.wikimedia.org/wiki/Special:FilePath/Moscowwatchdog.jpg","https://no.wikipedia.org/wiki/Moskovaisk_vakthund","Sovjetunionen","Canarian","CC BY-SA 3.0","https://creativecommons.org/licenses/by-sa/3.0/"
"http://www.wikidata.org/entity/Q37670","Mudhol","http://commons.wikimedia.org/wiki/Special:FilePath/Caravan%20hound%20Closeupfire.jpg","https://no.wikipedia.org/wiki/Mudhol","India","","CC BY-SA 3.0","https://creativecommons.org/licenses/by-sa/3.0/"
"http://www.wikidata.org/entity/Q38690","Mudi","http://commons.wikimedia.org/wiki/Special:FilePath/Hondenras%20Mudi.jpg","https://no.wikipedia.org/wiki/Mudi","Ungarn","Vulpes at Dutch Wikipedia","Public domain",""
"http://www.wikidata.org/entity/Q1958596","Nakenhund","http://commons.wikimedia.org/wiki/Special:FilePath/MexicaanseHairless.jpg","https://no.wikipedia.org/wiki/Nakenhunder","","Vanzetti","CC BY-SA 3.0","https://creativecommons.org/licenses/by-sa/3.0/"
"http://www.wikidata.org/entity/Q38529","Napolitansk mastiff","http://commons.wikimedia.org/wiki/Special:FilePath/Neapolitan%20Mastiff%20Male%20Head.JPG","https://no.wikipedia.org/wiki/Napolitansk_mastiff","Romarriket","Philip Thompson","CC BY-SA 3.0","https://creativecommons.org/licenses/by-sa/3.0"
"http://www.wikidata.org/entity/Q38425","New Zealand Huntaway","http://commons.wikimedia.org/wiki/Special:FilePath/Huntaway.JPG","https://no.wikipedia.org/wiki/New_zealand_huntaway","New Zealand","Cgoodwin","CC BY 3.0","https://creativecommons.org/licenses/by/3.0"
"http://www.wikidata.org/entity/Q38706","Newfoundlandshund","http://commons.wikimedia.org/wiki/Special:FilePath/201210071658d.jpg","https://no.wikipedia.org/wiki/Newfoundlandshund","","Hartmann Linge","CC BY-SA 4.0","https://creativecommons.org/licenses/by-sa/4.0"
"http://www.wikidata.org/entity/Q38940","Norfolk terrier","http://commons.wikimedia.org/wiki/Special:FilePath/Charmonty%20Norfolkterrier.jpg","https://no.wikipedia.org/wiki/Norfolk_terrier","Storbritannia","Robin Wellmann","Public domain",""
"http://www.wikidata.org/entity/Q38925","Norrbottenspets","http://commons.wikimedia.org/wiki/Special:FilePath/Nordic%20Spitz.jpg","https://no.wikipedia.org/wiki/Norrbottenspets","Sverige","","CC BY-SA 3.0","https://creativecommons.org/licenses/by-sa/3.0/"
"http://www.wikidata.org/entity/Q38478","Norsk buhund","http://commons.wikimedia.org/wiki/Special:FilePath/Norwegian%20Buhund%20600.jpg","https://nn.wikipedia.org/wiki/Norsk_buhund","Noreg","","CC BY-SA 3.0","https://creativecommons.org/licenses/by-sa/3.0/"
"http://www.wikidata.org/entity/Q38803","Norsk elghund grå","http://commons.wikimedia.org/wiki/Special:FilePath/Norwegian%20Elkhound.jpg","https://nn.wikipedia.org/wiki/Norsk_elghund_gr%C3%A5","Noreg","Sannse","CC BY-SA 3.0","https://creativecommons.org/licenses/by-sa/3.0/"
"http://www.wikidata.org/entity/Q38961","Norsk elghund svart","http://commons.wikimedia.org/wiki/Special:FilePath/BlackNorwegianElkhound.jpg","https://nn.wikipedia.org/wiki/Norsk_elghund_svart","Noreg","Rvenes","CC BY-SA 3.0","https://creativecommons.org/licenses/by-sa/3.0"
"http://www.wikidata.org/entity/Q38895","Norsk lundehund","http://commons.wikimedia.org/wiki/Special:FilePath/Lundehund-2003.jpg","https://nn.wikipedia.org/wiki/Norsk_lundehund","Noreg","Karen Elise Dahlmo","CC BY-SA 3.0","https://creativecommons.org/licenses/by-sa/3.0/"
"http://www.wikidata.org/entity/Q38934","Norwich terrier","http://commons.wikimedia.org/wiki/Special:FilePath/Norwichterrier.jpg","https://no.wikipedia.org/wiki/Norwich_terrier","England","H. Gisin","CC BY-SA 3.0","https://creativecommons.org/licenses/by-sa/3.0/"
"http://www.wikidata.org/entity/Q38824","Nova Scotia duck tolling retriever","http://commons.wikimedia.org/wiki/Special:FilePath/Duck%20Toller.jpg","https://no.wikipedia.org/wiki/Nova_scotia_duck_tolling_retriever","Canada","Cal119 at English Wikipedia","Public domain",""
"http://www.wikidata.org/entity/Q38884","Ny-Guinea syngehund","http://commons.wikimedia.org/wiki/Special:FilePath/New%20Guinea%20Singing%20Dog%20on%20trail-Cropped.jpg","https://no.wikipedia.org/wiki/Ny-guinea_syngehund","","Patti McNeal","CC BY 2.0","https://creativecommons.org/licenses/by/2.0"
"http://www.wikidata.org/entity/Q37704","Old english sheepdog","http://commons.wikimedia.org/wiki/Special:FilePath/Bobtail.JPG","https://no.wikipedia.org/wiki/Old_english_sheepdog","England","Mona (uploaded by Caronna 08:14, 15 Apr 2005 (UTC))","CC BY-SA 3.0","https://creativecommons.org/licenses/by-sa/3.0/"
"http://www.wikidata.org/entity/Q38168","Olde English Bulldogge","http://commons.wikimedia.org/wiki/Special:FilePath/Olde%20English%20Bulldogge%20Crop.jpg","https://no.wikipedia.org/wiki/Olde_english_bulldogge","USA","Don Pelon","CC BY-SA 3.0","https://creativecommons.org/licenses/by-sa/3.0"
"http://www.wikidata.org/entity/Q3438758","Olenegonka","http://commons.wikimedia.org/wiki/Special:FilePath/%D0%9D%D0%B5%D0%BD%D0%B5%D1%86%D0%BA%D0%B0%D1%8F%20%D0%BB%D0%B0%D0%B9%D0%BA%D0%B0%2010.jpg","https://no.wikipedia.org/wiki/Olenegonka","","Sergey.vlad.popov","CC BY-SA 4.0","https://creativecommons.org/licenses/by-sa/4.0"
"http://www.wikidata.org/entity/Q38922","Otterhound","http://commons.wikimedia.org/wiki/Special:FilePath/Two%20otterhounds.jpg","https://no.wikipedia.org/wiki/Otterhound","Storbritannia","Machinecha","Public domain",""
"http://www.wikidata.org/entity/Q12206278","Pariahunder","http://commons.wikimedia.org/wiki/Special:FilePath/Borneo%20dogs%20feeding.jpg","https://no.wikipedia.org/wiki/Pariahunder","","tajai's photos (Upload by: TBjornstad 13:20, 18 July 2006 (UTC))","CC BY 2.0","https://creativecommons.org/licenses/by/2.0"
"http://www.wikidata.org/entity/Q38880","Parson russellterrier","http://commons.wikimedia.org/wiki/Special:FilePath/Parson%20Russell%20Terrier.jpg","https://nn.wikipedia.org/wiki/Parson_russellterrier","Storbritannia","","CC BY-SA 3.0","https://creativecommons.org/licenses/by-sa/3.0/"
"http://www.wikidata.org/entity/Q38959","Pekingeser","http://commons.wikimedia.org/wiki/Special:FilePath/1AKC%20Pekingese%20Dog%20Show%202011.jpg","https://no.wikipedia.org/wiki/Pekingeser","Folkerepublikken Kina","SheltieBoy","CC BY 2.0","https://creativecommons.org/licenses/by/2.0"
"http://www.wikidata.org/entity/Q38874","Peruviansk nakenhund","http://commons.wikimedia.org/wiki/Special:FilePath/Taru%20metsa.jpg","https://no.wikipedia.org/wiki/Peruviansk_nakenhund","Peru","Tuomas Rinta, Trinta at fi.wikipedia","CC BY 2.5","https://creativecommons.org/licenses/by/2.5"
"http://www.wikidata.org/entity/Q39080","Petit Basset Griffon Vendéen","http://commons.wikimedia.org/wiki/Special:FilePath/P%20Basset%20Griffon%20Vendeen%20600.jpg","https://no.wikipedia.org/wiki/Petit_basset_griffon_vend%C3%A9en","Frankrike","Sannse","CC BY-SA 3.0","https://creativecommons.org/licenses/by-sa/3.0/"
"http://www.wikidata.org/entity/Q13631411","Petit brabancon","http://commons.wikimedia.org/wiki/Special:FilePath/Petit-brabancon-gaystock-le-pas-de-tout.jpg","https://no.wikipedia.org/wiki/Petit_brabancon","Belgia","Hans Bleeker","CC BY-SA 3.0","https://creativecommons.org/licenses/by-sa/3.0"
"http://www.wikidata.org/entity/Q37635","Picard","http://commons.wikimedia.org/wiki/Special:FilePath/Owczarek%20pikardyjski%2063.jpg","https://no.wikipedia.org/wiki/Picard_(hunderase)","Frankrike","Pleple2000","CC BY-SA 3.0","https://creativecommons.org/licenses/by-sa/3.0/"
"http://www.wikidata.org/entity/Q38030","Picard Spaniel","http://commons.wikimedia.org/wiki/Special:FilePath/Epagneul%20Picard%20ter.jpg","https://no.wikipedia.org/wiki/Picard_spaniel","Frankrike","Rachelle Vafidis","CC BY-SA 3.0","https://creativecommons.org/licenses/by-sa/3.0"
"http://www.wikidata.org/entity/Q37793","Pinsjer","http://commons.wikimedia.org/wiki/Special:FilePath/German%20Pinscher.JPG","https://no.wikipedia.org/wiki/Pinscher","Tyskland","","CC BY-SA 3.0","https://creativecommons.org/licenses/by-sa/3.0/"
"http://www.wikidata.org/entity/Q39195","Plotthund","http://commons.wikimedia.org/wiki/Special:FilePath/Plotthound-red1.jpg","https://no.wikipedia.org/wiki/Plotthund","Tyskland","Canarian","CC BY-SA 4.0","https://creativecommons.org/licenses/by-sa/4.0"
"http://www.wikidata.org/entity/Q39262","Podenco andaluz","http://commons.wikimedia.org/wiki/Special:FilePath/Podenco%20chico.jpg","https://no.wikipedia.org/wiki/Podenco_andaluz","","Brindis320","Public domain",""
"http://www.wikidata.org/entity/Q38932","Podenco canario","http://commons.wikimedia.org/wiki/Special:FilePath/Podenco%20Canario%202.jpg","https://no.wikipedia.org/wiki/Podenco_canario","Spania","","CC BY-SA 3.0","https://creativecommons.org/licenses/by-sa/3.0/"
"http://www.wikidata.org/entity/Q37755","Podenco ibicenco","http://commons.wikimedia.org/wiki/Special:FilePath/AdemasAout2021.ret.jpg","https://no.wikipedia.org/wiki/Podenco_ibicenco","Ibiza","Chloroplastik","CC BY-SA 4.0","https://creativecommons.org/licenses/by-sa/4.0"
"http://www.wikidata.org/entity/Q39063","Podengo português","http://commons.wikimedia.org/wiki/Special:FilePath/Podengo%20Portugues.jpg","https://no.wikipedia.org/wiki/Podengo_portugu%C3%AAs","Portugal","","CC BY-SA 3.0","https://creativecommons.org/licenses/by-sa/3.0/"
"http://www.wikidata.org/entity/Q769804","Pointer","http://commons.wikimedia.org/wiki/Special:FilePath/English%20pointer.jpg","https://no.wikipedia.org/wiki/Pointer","England","","GFDL 1.2","https://www.gnu.org/licenses/old-licenses/fdl-1.2.html"
"http://www.wikidata.org/entity/Q55454389","Polsk jaktspaniel","http://commons.wikimedia.org/wiki/Special:FilePath/Polishhuntingmyzli.jpg","https://no.wikipedia.org/wiki/Polsk_jaktspaniel","","Canarian","CC BY 4.0","https://creativecommons.org/licenses/by/4.0"
"http://www.wikidata.org/entity/Q5429","Polsk mynde","http://commons.wikimedia.org/wiki/Special:FilePath/Chart%20polski%2067u7.jpg","https://no.wikipedia.org/wiki/Polsk_mynde","Polen","Pleple2000","CC BY-SA 3.0","https://creativecommons.org/licenses/by-sa/3.0/"
"http://www.wikidata.org/entity/Q38836","Polsk owczarek nizinny","http://commons.wikimedia.org/wiki/Special:FilePath/Polski%20owczarek%20nizinny.jpg","https://no.wikipedia.org/wiki/Polsk_owczarek_nizinny","Polen","","CC BY-SA 3.0","https://creativecommons.org/licenses/by-sa/3.0/"
"http://www.wikidata.org/entity/Q39096","Polsk owczarek podhalanski","http://commons.wikimedia.org/wiki/Special:FilePath/Polski%20Owczarek%20Podhala%C5%84ski%2030.jpg","https://no.wikipedia.org/wiki/Polsk_owczarek_podhalanski","Polen","K.Karpiel","CC BY 4.0","https://creativecommons.org/licenses/by/4.0"
"http://www.wikidata.org/entity/Q38559","Portugisisk vannhund","http://commons.wikimedia.org/wiki/Special:FilePath/C%C3%A3o%20de%20agua%20Portugu%C3%AAs%202.jpg","https://no.wikipedia.org/wiki/Portugisisk_vannhund","Portugal","Silke Hollje-Schumacher","CC BY-SA 3.0","https://creativecommons.org/licenses/by-sa/3.0/"
"http://www.wikidata.org/entity/Q38906","Pražský krysařík","http://commons.wikimedia.org/wiki/Special:FilePath/Ex%20perla%20moravy%201.jpg","https://no.wikipedia.org/wiki/Pra%C5%BEsk%C3%BD_krysa%C5%99%C3%ADk","Tsjekkia","Jenc","CC BY-SA 3.0","https://creativecommons.org/licenses/by-sa/3.0"
"http://www.wikidata.org/entity/Q38904","Puddel","http://commons.wikimedia.org/wiki/Special:FilePath/Miniature%20Poodle%20%28Hungary%29.jpg","https://no.wikipedia.org/wiki/Puddel","","UszkarFoto92","CC0","https://creativecommons.org/publicdomain/zero/1.0/deed.en"
"http://www.wikidata.org/entity/Q38930","Pudelpointer","http://commons.wikimedia.org/wiki/Special:FilePath/Pudelpointer%20on%20point.jpg","https://no.wikipedia.org/wiki/Pudelpointer","Tyskland","","CC BY-SA 3.0","https://creativecommons.org/licenses/by-sa/3.0/"
"http://www.wikidata.org/entity/Q38864","Puli","http://commons.wikimedia.org/wiki/Special:FilePath/Puli%20600.jpg","https://no.wikipedia.org/wiki/Puli","Ungarn","Sannse","CC BY-SA 3.0","https://creativecommons.org/licenses/by-sa/3.0/"
"http://www.wikidata.org/entity/Q38919","Pumi","http://commons.wikimedia.org/wiki/Special:FilePath/Hungarianpumi.JPG","https://no.wikipedia.org/wiki/Pumi","Ungarn","Taru T Torpström","CC BY-SA 3.0","https://creativecommons.org/licenses/by-sa/3.0/"
"http://www.wikidata.org/entity/Q29174","Pungsanhund","http://commons.wikimedia.org/wiki/Special:FilePath/Poongsandogs.JPG","https://no.wikipedia.org/wiki/Pungsanhund","Nord-Korea","Maeng9981","CC BY-SA 3.0","https://creativecommons.org/licenses/by-sa/3.0"
"http://www.wikidata.org/entity/Q37803","Pyrenearhund","http://commons.wikimedia.org/wiki/Special:FilePath/Pyrenean%20Mountain%20Dog%20600.jpg","https://no.wikipedia.org/wiki/Pyreneerhund","Spania","","CC BY-SA 3.0","https://creativecommons.org/licenses/by-sa/3.0/"
"http://www.wikidata.org/entity/Q38766","Pyreneisk mastiff","http://commons.wikimedia.org/wiki/Special:FilePath/MasPiri-Lula-ESP.jpg","https://no.wikipedia.org/wiki/Pyreneisk_mastiff","","TBjornstad 07:59, 6 October 2006 (UTC)","CC BY-SA 3.0","https://creativecommons.org/licenses/by-sa/3.0/"
"http://www.wikidata.org/entity/Q38312","Rajapalayamhund","http://commons.wikimedia.org/wiki/Special:FilePath/%282%29%20Isha%20female%20rajapalayam.jpg","https://no.wikipedia.org/wiki/Rajapalayamhund","India","Vbala0733","CC BY-SA 4.0","https://creativecommons.org/licenses/by-sa/4.0"
"http://www.wikidata.org/entity/Q38179","Rampurhund","http://commons.wikimedia.org/wiki/Special:FilePath/Rampurgreyhound.jpg","https://no.wikipedia.org/wiki/Rampurhund","India","P.Marlow at English Wikipedia","Public domain",""
"http://www.wikidata.org/entity/Q39026","Rhodesian ridgeback","http://commons.wikimedia.org/wiki/Special:FilePath/Grupp%206%20RHODESIAN%20RIDGEBACK%2C%20NO%20JV-15%20SE%20VCH%20Kadamo%20I%E2%80%99m%20In%20It%20For%20The%20Gold%20%2823920356649%29.jpg","https://no.wikipedia.org/wiki/Rhodesian_ridgeback","Rhodesia","Svenska Mässan from Sweden","CC BY 2.0","https://creativecommons.org/licenses/by/2.0"
"http://www.wikidata.org/entity/Q38688","Riesenschnauzer","http://commons.wikimedia.org/wiki/Special:FilePath/Bvdb-riesen%20schnauzer.jpg","https://no.wikipedia.org/wiki/Riesenschnauzer","Tyskland","Bonnie van den Born, http://www.bonfoto.nl","CC BY-SA 3.0","https://creativecommons.org/licenses/by-sa/3.0/"
"http://www.wikidata.org/entity/Q1092646","Romanian carpathian shepherd dog","http://commons.wikimedia.org/wiki/Special:FilePath/Carpatin.jpg","https://no.wikipedia.org/wiki/Karpatisk_f%C3%A5rehund","Romania","Ionete","Public domain",""
"http://www.wikidata.org/entity/Q39093","Rottweiler","http://commons.wikimedia.org/wiki/Special:FilePath/Rottweiler%20Moletai%20May%202014.2.jpg","https://nn.wikipedia.org/wiki/Rottweiler","Tyskland","Томасина","CC BY-SA 4.0","https://creativecommons.org/licenses/by-sa/4.0"
"http://www.wikidata.org/entity/Q39176","Russisk Toy","http://commons.wikimedia.org/wiki/Special:FilePath/RusskiyToyWelpe9Mon.JPG","https://no.wikipedia.org/wiki/Russisk_Toy","Russland","","Public domain",""
"http://www.wikidata.org/entity/Q39332","Russisk-europeisk laika","http://commons.wikimedia.org/wiki/Special:FilePath/Russo%20European%20Laika.jpg","https://no.wikipedia.org/wiki/Russisk-europeisk_laika","","Konrad Loesch","CC BY 2.5","https://creativecommons.org/licenses/by/2.5"
"http://www.wikidata.org/entity/Q39108","Saluki","http://commons.wikimedia.org/wiki/Special:FilePath/Red%20Smooth%20Saluki.jpg","https://no.wikipedia.org/wiki/Saluki","Den arabiske halvøya","r.","CC BY-SA 3.0","https://creativecommons.org/licenses/by-sa/3.0"
"http://www.wikidata.org/entity/Q39002","Samojedhund","http://commons.wikimedia.org/wiki/Special:FilePath/Samojed00.jpg","https://no.wikipedia.org/wiki/Samojedhund","","Pleple2000","CC BY-SA 3.0","https://creativecommons.org/licenses/by-sa/3.0/"
"http://www.wikidata.org/entity/Q38090","Sanktbernhardshund","http://commons.wikimedia.org/wiki/Special:FilePath/Rey%20nieve.jpg","https://no.wikipedia.org/wiki/Sanktbernhardshund","","Rafael Dominguez Rodriguez","CC BY-SA 4.0","https://creativecommons.org/licenses/by-sa/4.0"
"http://www.wikidata.org/entity/Q29178","Sapsali","http://commons.wikimedia.org/wiki/Special:FilePath/Korea-Jeonju-Sapsal%20dog%20in%20front%20of%20a%20Hanok%20Village-01.jpg","https://no.wikipedia.org/wiki/Sapsali","Sør-Korea","Sungdo Cho from Seoul","CC BY 2.0","https://creativecommons.org/licenses/by/2.0"
"http://www.wikidata.org/entity/Q39408","Sarplaninac","http://commons.wikimedia.org/wiki/Special:FilePath/Sarplaninac%20Urok1007.jpg","https://no.wikipedia.org/wiki/Sarplaninac","Nord-Makedonia","Urok","CC BY-SA 3.0","https://creativecommons.org/licenses/by-sa/3.0"
"http://www.wikidata.org/entity/Q39157","Schapendoes","http://commons.wikimedia.org/wiki/Special:FilePath/Schapendoes.jpg","https://no.wikipedia.org/wiki/Schapendoes","Nederland","","CC BY-SA 3.0","https://creativecommons.org/licenses/by-sa/3.0/"
"http://www.wikidata.org/entity/Q38728","Schillerstøver","http://commons.wikimedia.org/wiki/Special:FilePath/Go%C5%84czy%20schillera%20g%C5%82owa%20j87.jpg","https://no.wikipedia.org/wiki/Schillerst%C3%B8ver","Sverige","Pleple2000","CC BY-SA 3.0","https://creativecommons.org/licenses/by-sa/3.0/"
"http://www.wikidata.org/entity/Q39010","Schipperke","http://commons.wikimedia.org/wiki/Special:FilePath/Schipperke0001.jpg","https://no.wikipedia.org/wiki/Schipperke","Belgia","鏑木對馬守","Public domain",""
"http://www.wikidata.org/entity/Q39605","Schnauzer","http://commons.wikimedia.org/wiki/Special:FilePath/Emppumenossa.jpg","https://no.wikipedia.org/wiki/Schnauzer","Tyskland","Original uploader was Ninalle at fi.wikipedia","CC BY-SA 3.0","https://creativecommons.org/licenses/by-sa/3.0/"
"http://www.wikidata.org/entity/Q38280","Schäferhund","http://commons.wikimedia.org/wiki/Special:FilePath/Pastor%20aleman%20a.jpg","https://nn.wikipedia.org/wiki/Sch%C3%A4ferhund","Tyskland","Erick Drumss Hernández","CC BY-SA 4.0","https://creativecommons.org/licenses/by-sa/4.0"
"http://www.wikidata.org/entity/Q38570","Sentralasiatisk ovtcharka","http://commons.wikimedia.org/wiki/Special:FilePath/%D0%A1%D1%80%D0%B5%D0%B4%D0%BD%D0%B5%D0%B0%D0%B7%D0%B8%D0%B0%D1%82%D1%81%D0%BA%D0%B0%D1%8F%20%D0%BE%D0%B2%D1%87%D0%B0%D1%80%D0%BA%D0%B0%2C%20%D0%BC%D0%BE%D0%BB%D0%BE%D0%B4%D0%BE%D0%B9%20%D0%BA%D0%BE%D0%B1%D0%B5%D0%BB%D1%8C.jpg","https://no.wikipedia.org/wiki/Sentralasiatisk_ovtcharka","Soviet Central Asia","https://kara-yulduz.com/asian_shepherd_dogs/breeding/breeding_list/aladzha/ (Webpage with photo & СС license)","CC BY-SA 3.0","https://creativecommons.org/licenses/by-sa/3.0"
"http://www.wikidata.org/entity/Q38096","Serra da Estrelahund","http://commons.wikimedia.org/wiki/Special:FilePath/Estrela%20Mountain%20Dog%206%20month%20old%20male.jpg","https://no.wikipedia.org/wiki/Serra_da_estrelahund","Portugal","Traceywashere at English Wikipedia","CC BY-SA 3.0","https://creativecommons.org/licenses/by-sa/3.0/"
"http://www.wikidata.org/entity/Q38972","Shar pei","http://commons.wikimedia.org/wiki/Special:FilePath/Shar%20pei.jpg","https://no.wikipedia.org/wiki/Shar_pei","Folkerepublikken Kina","UpdOWN . Original uploader was UpdOWN at ru.wikipedia","CC BY-SA 3.0","https://creativecommons.org/licenses/by-sa/3.0"
"http://www.wikidata.org/entity/Q39058","Shetland sheepdog","http://commons.wikimedia.org/wiki/Special:FilePath/ShetlandShpdogBlue2%20wb.jpg","https://no.wikipedia.org/wiki/Shetland_sheepdog","Storbritannia","","CC BY-SA 3.0","https://creativecommons.org/licenses/by-sa/3.0/"
"http://www.wikidata.org/entity/Q39315","Shiba","http://commons.wikimedia.org/wiki/Special:FilePath/Shiba%20inu%20taiki.jpg","https://nn.wikipedia.org/wiki/Shiba","Japan","Roberto Vasarri","Public domain",""
"http://www.wikidata.org/entity/Q39357","Shih tzu","http://commons.wikimedia.org/wiki/Special:FilePath/Shih%20Tzu%20portrait%20show%20dog.jpg","https://no.wikipedia.org/wiki/Shih_tzu","Folkerepublikken Kina","danny O.","CC BY 2.0","https://creativecommons.org/licenses/by/2.0"
"http://www.wikidata.org/entity/Q39147","Shikoku","http://commons.wikimedia.org/wiki/Special:FilePath/Shikoku%20dog.jpg","https://no.wikipedia.org/wiki/Shikoku_(hund)","Japan","Bigsteeve (en.wikipedia)","CC BY-SA 3.0","https://creativecommons.org/licenses/by-sa/3.0/"
"http://www.wikidata.org/entity/Q39295","Sibirsk husky","http://commons.wikimedia.org/wiki/Special:FilePath/Siberian%20Husky%20-%20Mika.jpg","https://no.wikipedia.org/wiki/Sibirsk_husky","Sibir","ShonMichaeli","CC BY-SA 4.0","https://creativecommons.org/licenses/by-sa/4.0"
"http://www.wikidata.org/entity/Q39207","Silkemynde","http://commons.wikimedia.org/wiki/Special:FilePath/Fallon%20the%20Silken%20Windhound.jpg","https://no.wikipedia.org/wiki/Silkemynde","USA","Talismanhound","CC BY-SA 3.0","https://creativecommons.org/licenses/by-sa/3.0/"
"http://www.wikidata.org/entity/Q1719885","Silken Windsprite","http://commons.wikimedia.org/wiki/Special:FilePath/Whippet%20d%C5%82ugow%C5%82osy%20suka%20MB%20001.jpg","https://no.wikipedia.org/wiki/Windsprite","USA","Marcin Błaszkowski","Public domain",""
"http://www.wikidata.org/entity/Q37524","Silky terrier","http://commons.wikimedia.org/wiki/Special:FilePath/02%20Australian%20Silky%20Terrier%2C%20Zack%2C%20spring%202012.jpg","https://no.wikipedia.org/wiki/Silky_terrier","","island silks","CC BY 2.0","https://creativecommons.org/licenses/by/2.0"
"http://www.wikidata.org/entity/Q37929","Skotsk hjortehund","http://commons.wikimedia.org/wiki/Special:FilePath/Deerhound%20305.jpg","https://no.wikipedia.org/wiki/Skotsk_hjortehund","Skottland","Pleple2000","CC BY-SA 3.0","https://creativecommons.org/licenses/by-sa/3.0/"
"http://www.wikidata.org/entity/Q39035","Skotsk terrier","http://commons.wikimedia.org/wiki/Special:FilePath/Scotish%20terrier%20burleska%202005.jpg","https://no.wikipedia.org/wiki/Skotsk_terrier","Skottland","Mider","CC BY-SA 3.0","https://creativecommons.org/licenses/by-sa/3.0/"
"http://www.wikidata.org/entity/Q39052","Skye terrier","http://commons.wikimedia.org/wiki/Special:FilePath/Skye%20terrier%20800.jpg","https://no.wikipedia.org/wiki/Skye_terrier","Skottland","Pleple2000","CC BY-SA 3.0","https://creativecommons.org/licenses/by-sa/3.0/"
"http://www.wikidata.org/entity/Q37925","Sloughi","http://commons.wikimedia.org/wiki/Special:FilePath/Sloughi.jpg","https://no.wikipedia.org/wiki/Sloughi","Nord-Afrika","Dr. Sabine Schlenkrich","CC BY-SA 3.0","https://creativecommons.org/licenses/by-sa/3.0/"
"http://www.wikidata.org/entity/Q38738","Smålandsstøver","http://commons.wikimedia.org/wiki/Special:FilePath/Smaland-St%C3%B6vare.jpg","https://no.wikipedia.org/wiki/Sm%C3%A5landsst%C3%B8ver","Sverige","User:Linathrash","CC BY-SA 3.0","https://creativecommons.org/licenses/by-sa/3.0/"
"http://www.wikidata.org/entity/Q37920","Spansk galgo","http://commons.wikimedia.org/wiki/Special:FilePath/Galgo%20espagnol%20005.jpg","https://no.wikipedia.org/wiki/Spansk_galgo","Spania","Tux-Man","CC0","https://creativecommons.org/publicdomain/zero/1.0/deed.en"
"http://www.wikidata.org/entity/Q37939","Spansk mastiff","http://commons.wikimedia.org/wiki/Special:FilePath/Mast%C3%ADn%20espa%C3%B1ol%2C%20l%C3%ADnea%20original%20de%20trabajo.%2004.jpg","https://no.wikipedia.org/wiki/Spansk_mastiff","Spania","Mondarruego2011","CC BY-SA 4.0","https://creativecommons.org/licenses/by-sa/4.0"
"http://www.wikidata.org/entity/Q39200","Spansk vannhund","http://commons.wikimedia.org/wiki/Special:FilePath/Perro%20agua.jpg","https://no.wikipedia.org/wiki/Spansk_vannhund","","Brindis320","Public domain",""
"http://www.wikidata.org/entity/Q39192","Stabyhoun","http://commons.wikimedia.org/wiki/Special:FilePath/Frisianstaby.jpg","https://no.wikipedia.org/wiki/Stabyhoun","","mjk23","CC BY 2.0","https://creativecommons.org/licenses/by/2.0"
"http://www.wikidata.org/entity/Q39285","Staffordshire bull terrier","http://commons.wikimedia.org/wiki/Special:FilePath/Staffie.jpg","https://nn.wikipedia.org/wiki/Staffordshire_bull_terrier","England","Aixeneta","Public domain",""
"http://www.wikidata.org/entity/Q39138","Sussex spaniel","http://commons.wikimedia.org/wiki/Special:FilePath/Sussex%20spaniel%20t43.jpg","https://no.wikipedia.org/wiki/Sussex_spaniel","England","Pleple2000","CC BY-SA 3.0","https://creativecommons.org/licenses/by-sa/3.0/"
"http://www.wikidata.org/entity/Q4356976","Svensk hvit elghund","http://commons.wikimedia.org/wiki/Special:FilePath/Arctic%20Dog.jpg","https://no.wikipedia.org/wiki/Svensk_hvit_elghund","Sverige","BetacommandBot","CC BY 2.5","https://creativecommons.org/licenses/by/2.5"
"http://www.wikidata.org/entity/Q39130","Svensk lapphund","http://commons.wikimedia.org/wiki/Special:FilePath/Svensk%20lapphund.JPG","https://no.wikipedia.org/wiki/Svensk_lapphund","Sverige","Bjørn Roger Larsen","Public domain",""
"http://www.wikidata.org/entity/Q38546","Sydrussisk ovtcharka","http://commons.wikimedia.org/wiki/Special:FilePath/South%20Russian%20Ovcharka.jpg","https://no.wikipedia.org/wiki/Sydrussisk_ovtcharka","Ukraina","","CC BY-SA 3.0","https://creativecommons.org/licenses/by-sa/3.0/"
"http://www.wikidata.org/entity/Q39306","Saarloos wolfhond","http://commons.wikimedia.org/wiki/Special:FilePath/Saarlooswolfhond.jpg","https://no.wikipedia.org/wiki/Saarloos_wolfhond","Nederland","","CC BY-SA 3.0","https://creativecommons.org/licenses/by-sa/3.0/"
"http://www.wikidata.org/entity/Q29212","Taiwanhund","http://commons.wikimedia.org/wiki/Special:FilePath/Formosan%20nina.jpg","https://no.wikipedia.org/wiki/Taiwanhund","Taiwan","Aechris at English Wikipedia","CC BY-SA 3.0","https://creativecommons.org/licenses/by-sa/3.0/"
"http://www.wikidata.org/entity/Q38092","Tazi","http://commons.wikimedia.org/wiki/Special:FilePath/Chart%20%C5%9Brodkowoazjatycki%20Zeila.jpg","https://no.wikipedia.org/wiki/Tazi","Kasakhstan","Marcin Błaszkowski","CC BY-SA 3.0","https://creativecommons.org/licenses/by-sa/3.0"
"http://www.wikidata.org/entity/Q37464","Telomaihund","http://commons.wikimedia.org/wiki/Special:FilePath/Telomian.jpg","https://no.wikipedia.org/wiki/Telomaihund","Malaysia","The original uploader was Mariomassone at English Wikipedia .","CC BY-SA 3.0","https://creativecommons.org/licenses/by-sa/3.0/"
"http://www.wikidata.org/entity/Q38679","Tervueren","http://commons.wikimedia.org/wiki/Special:FilePath/Tervuren.jpg","https://no.wikipedia.org/wiki/Tervueren","Belgia","Patty Carlson","CC BY 2.0","https://creativecommons.org/licenses/by/2.0"
"http://www.wikidata.org/entity/Q37880","Thai Bangkaew hund","http://commons.wikimedia.org/wiki/Special:FilePath/Thai%20Bangkaew%20Dog%202.jpg","https://no.wikipedia.org/wiki/Thai_bangkaew-hund","Thailand","Canarian","CC BY-SA 4.0","https://creativecommons.org/licenses/by-sa/4.0"
"http://www.wikidata.org/entity/Q39172","Thai ridgeback","http://commons.wikimedia.org/wiki/Special:FilePath/Thai-Ridgeback.jpg","https://no.wikipedia.org/wiki/Thai_ridgeback","Thailand","HiSa Hiller, Schweiz","CC BY-SA 3.0","https://creativecommons.org/licenses/by-sa/3.0/"
"http://www.wikidata.org/entity/Q39322","Tibetansk mastiff","http://commons.wikimedia.org/wiki/Special:FilePath/2013%20Westminster%20Kennel%20Club%20Dog%20Show-%20Tibetan%20Mastiff%20GCH%20Sierras%27Sasha-Yakone%20Nanuk%20%288469240739%29%20%28cropped%29.jpg","https://no.wikipedia.org/wiki/Tibetansk_mastiff","Folkerepublikken Kina","Pets Adviser from Brooklyn, USA","CC BY 2.0","https://creativecommons.org/licenses/by/2.0"
"http://www.wikidata.org/entity/Q39181","Tibetansk spaniel","http://commons.wikimedia.org/wiki/Special:FilePath/Tibetansk%20spaniel.jpg","https://no.wikipedia.org/wiki/Tibetansk_spaniel","Tibet","Wolfman1","CC BY-SA 3.0","https://creativecommons.org/licenses/by-sa/3.0/"
"http://www.wikidata.org/entity/Q38796","Tibetansk terrier","http://commons.wikimedia.org/wiki/Special:FilePath/Tibetan%20Terrier%20Image%20001.jpg","https://no.wikipedia.org/wiki/Tibetansk_terrier","Tibet","Flickr user skaty222","CC BY 2.0","https://creativecommons.org/licenses/by/2.0"
"http://www.wikidata.org/entity/Q38991","Tosa","http://commons.wikimedia.org/wiki/Special:FilePath/Bukadai.jpg","https://no.wikipedia.org/wiki/Tosa","Japan","Ludivine HOUDAS","CC BY-SA 3.0","https://creativecommons.org/licenses/by-sa/3.0"
"http://www.wikidata.org/entity/Q37510","Toy Fox Terrier","http://commons.wikimedia.org/wiki/Special:FilePath/Toy%20Fox%20Terrier%202.jpg","https://no.wikipedia.org/wiki/Toy_fox_terrier","USA","Terry Best","CC BY-SA 3.0","https://creativecommons.org/licenses/by-sa/3.0"
"http://www.wikidata.org/entity/Q39244","Treeing Walker Coonhound","http://commons.wikimedia.org/wiki/Special:FilePath/Treeing-walker-coonhound-standing.jpg","https://no.wikipedia.org/wiki/Treeing_Walker_Coonhound","USA","Kingkong954","Public domain",""
"http://www.wikidata.org/entity/Q38651","Tsjekkoslovakisk ulvehund","http://commons.wikimedia.org/wiki/Special:FilePath/TWH-jolly.JPG","https://no.wikipedia.org/wiki/Tsjekkoslovakisk_ulvehund","Tsjekkoslovakia","Margo-CzW at Dutch Wikipedia","CC BY-SA 3.0","https://creativecommons.org/licenses/by-sa/3.0/"
"http://www.wikidata.org/entity/Q38440","Tsjuktsjisk laika","http://commons.wikimedia.org/wiki/Special:FilePath/Die%20Gartenlaube%20%281882%29%20b%20829.jpg","https://no.wikipedia.org/wiki/Tsjuktsjisk_laika","Russland","various","Public domain",""
"http://www.wikidata.org/entity/Q37899","Tysk jaktterrier","http://commons.wikimedia.org/wiki/Special:FilePath/Terier%20niemiecki%20my%C5%9Bliwski%20721.jpg","https://no.wikipedia.org/wiki/Tysk_jaktterrier","Tyskland","Pleple2000","CC BY-SA 3.0","https://creativecommons.org/licenses/by-sa/3.0/"
"http://www.wikidata.org/entity/Q38655","Tysk spitz","http://commons.wikimedia.org/wiki/Special:FilePath/Un%20chien%20Spitz%20allemand.jpg","https://no.wikipedia.org/wiki/Tysk_spitz","Tyskland","The original uploader was Teuteul at French Wikipedia . Later versions were uploaded by Tornad at fr.wikipedia .","CC BY-SA 3.0","https://creativecommons.org/licenses/by-sa/3.0/"
"http://www.wikidata.org/entity/Q38467","Ungarsk kuvasz","http://commons.wikimedia.org/wiki/Special:FilePath/2-kuvasz.jpg","https://no.wikipedia.org/wiki/Ungarsk_kuvasz","Ungarn","Czimbalmos.de","CC BY-SA 3.0","https://creativecommons.org/licenses/by-sa/3.0/"
"http://www.wikidata.org/entity/Q38871","Ungarsk mynde","http://commons.wikimedia.org/wiki/Special:FilePath/HungarianGreyhound.jpg","https://no.wikipedia.org/wiki/Ungarsk_mynde","Ungarn","SysopWiki","CC BY-SA 3.0","https://creativecommons.org/licenses/by-sa/3.0/"
"http://www.wikidata.org/entity/Q38819","Ungarsk vizsla korthåra","http://commons.wikimedia.org/wiki/Special:FilePath/Wy%C5%BCe%C5%82%20w%C4%99gierski%20g%C5%82adkow%C5%82osy%20500.jpg","https://nn.wikipedia.org/wiki/Ungarsk_vizsla_korth%C3%A5ra","Ungarn","Pleple2000","CC BY-SA 3.0","https://creativecommons.org/licenses/by-sa/3.0/"
"http://www.wikidata.org/entity/Q39435","Vestsibirsk laika","http://commons.wikimedia.org/wiki/Special:FilePath/West%20Siberian%20Laika.jpg","https://no.wikipedia.org/wiki/Vestsibirsk_laika","Russland","","Public domain",""
"http://www.wikidata.org/entity/Q38196","Volpino italiano","http://commons.wikimedia.org/wiki/Special:FilePath/Volpino04.jpg","https://no.wikipedia.org/wiki/Volpino_italiano","Italia","","CC BY-SA 3.0","https://creativecommons.org/licenses/by-sa/3.0/"
"http://www.wikidata.org/entity/Q38084","Vorstehhund korthåret","http://commons.wikimedia.org/wiki/Special:FilePath/Duitse%20staande%20korthaar%2010-10-1.jpg","https://no.wikipedia.org/wiki/Vorstehhund_korth%C3%A5ret","Tyskland","Bonnie van den Born, http://www.bonfoto.nl","CC BY-SA 3.0","https://creativecommons.org/licenses/by-sa/3.0/"
"http://www.wikidata.org/entity/Q37834","Vorstehhund langhåret","http://commons.wikimedia.org/wiki/Special:FilePath/DeutschLanghaarneu.jpg","https://no.wikipedia.org/wiki/Vorstehhund_langh%C3%A5ret","Tyskland","Ottilie Stüwe","Public domain",""
"http://www.wikidata.org/entity/Q37773","Vorstehhund stikkelhåret","http://commons.wikimedia.org/wiki/Special:FilePath/03030288%20Deutsch%20Stichelhaa.jpg","https://no.wikipedia.org/wiki/Vorstehhund_stikkelh%C3%A5ret","Tyskland","Alephalpha","CC BY-SA 3.0","https://creativecommons.org/licenses/by-sa/3.0"
"http://www.wikidata.org/entity/Q37811","Vorstehhund strihåret","http://commons.wikimedia.org/wiki/Special:FilePath/GermanWirehrPtr1%20wb.jpg","https://no.wikipedia.org/wiki/Vorstehhund_strih%C3%A5ret","Tyskland","","CC BY-SA 3.0","https://creativecommons.org/licenses/by-sa/3.0/"
"http://www.wikidata.org/entity/Q39075","Västgøtaspets","http://commons.wikimedia.org/wiki/Special:FilePath/SwedishVallhundAgility%20wb.jpg","https://no.wikipedia.org/wiki/V%C3%A4stg%C3%B8taspets","Sverige","","CC BY-SA 3.0","https://creativecommons.org/licenses/by-sa/3.0/"
"http://www.wikidata.org/entity/Q37824","Wachtelhund","http://commons.wikimedia.org/wiki/Special:FilePath/Deutscher%20Wachtel%202.jpg","https://no.wikipedia.org/wiki/Wachtelhund","Tyskland","Steffen Heinz ( Caronna )","CC BY-SA 2.5","https://creativecommons.org/licenses/by-sa/2.5"
"http://www.wikidata.org/entity/Q38965","Weimaraner","http://commons.wikimedia.org/wiki/Special:FilePath/Weimaraner%20Amigo.jpg","https://no.wikipedia.org/wiki/Weimaraner","Tyskland","Alexander Gratz","Public domain",""
"http://www.wikidata.org/entity/Q858459","Welsh corgi","http://commons.wikimedia.org/wiki/Special:FilePath/Pembroke%20and%20Cardigan%20Welsh%20Corgi.jpg","https://nn.wikipedia.org/wiki/Welsh_corgi","Wales / Storbritannia","Dog breed facts","CC BY-SA 4.0","https://creativecommons.org/licenses/by-sa/4.0"
"http://www.wikidata.org/entity/Q29072","Welsh corgi cardigan","http://commons.wikimedia.org/wiki/Special:FilePath/Cardigan%20Welsh%20Corgi%20600.jpg","https://no.wikipedia.org/wiki/Welsh_corgi_cardigan","Wales","","CC BY-SA 3.0","https://creativecommons.org/licenses/by-sa/3.0/"
"http://www.wikidata.org/entity/Q38783","Welsh corgi pembroke","http://commons.wikimedia.org/wiki/Special:FilePath/Welsh%20Pembroke%20Corgi.jpg","https://nn.wikipedia.org/wiki/Welsh_corgi_pembroke","Wales","Dog breed facts","CC BY-SA 4.0","https://creativecommons.org/licenses/by-sa/4.0"
"http://www.wikidata.org/entity/Q39047","Welsh springer spaniel","http://commons.wikimedia.org/wiki/Special:FilePath/Welsh%20Springer%20Spaniel%201.jpg","https://no.wikipedia.org/wiki/Welsh_springer_spaniel","Wales","Udo Tjalsma","CC0","https://creativecommons.org/publicdomain/zero/1.0/deed.en"
"http://www.wikidata.org/entity/Q17510","West highland white terrier","http://commons.wikimedia.org/wiki/Special:FilePath/West%20Highland%20White%20Terrier%20Krakow.jpg","https://nn.wikipedia.org/wiki/West_highland_white_terrier","Skottland","Christopher Walker from Krakow, Poland","CC BY 2.0","https://creativecommons.org/licenses/by/2.0"
"http://www.wikidata.org/entity/Q20860","Wetterhoun","http://commons.wikimedia.org/wiki/Special:FilePath/Fryzyjski%20pies%20wodny%20u68.jpg","https://no.wikipedia.org/wiki/Wetterhoun","Nederland","Pleple2000","CC BY-SA 3.0","https://creativecommons.org/licenses/by-sa/3.0/"
"http://www.wikidata.org/entity/Q39122","Whippet","http://commons.wikimedia.org/wiki/Special:FilePath/Whippet%20stacked.jpg","https://nn.wikipedia.org/wiki/Whippet","England","Sagaciousphil","CC BY-SA 3.0","https://creativecommons.org/licenses/by-sa/3.0"
"http://www.wikidata.org/entity/Q39330","Yorkshireterrier","http://commons.wikimedia.org/wiki/Special:FilePath/Imageyorkie.png","https://no.wikipedia.org/wiki/Yorkshire_terrier","England","Gandalfelrojo2","CC BY-SA 4.0","https://creativecommons.org/licenses/by-sa/4.0"
"http://www.wikidata.org/entity/Q38416","Østsibirsk laika","http://commons.wikimedia.org/wiki/Special:FilePath/East%20Siberian%20Laika%2003.jpg","https://no.wikipedia.org/wiki/%C3%98stsibirsk_laika","Russland","PrzemekL","Public domain",""
