country,countryLabel,population,flag,article,imageAuthor,imageLicense,imageLicenseUrl
"http://www.wikidata.org/entity/Q668","India","1477519529","http://commons.wikimedia.org/wiki/Special:FilePath/Flag%20of%20India.svg","https://no.wikipedia.org/wiki/India","Government of India","Public domain",""
"http://www.wikidata.org/entity/Q148","People's Republic of China","1442965000","http://commons.wikimedia.org/wiki/Special:FilePath/Flag%20of%20the%20People%27s%20Republic%20of%20China.svg","https://no.wikipedia.org/wiki/Kina","Zeng Liansong","Public domain",""
"http://www.wikidata.org/entity/Q30","United States","340110988","http://commons.wikimedia.org/wiki/Special:FilePath/Flag%20of%20the%20United%20States%20%28DDD-F-416E%20specifications%29.svg","https://no.wikipedia.org/wiki/USA","Vector file created by Dbenbenn , Zscout370 , Jacobolus , Indolences , and Technion .","Public domain",""
"http://www.wikidata.org/entity/Q252","Indonesia","275439000","http://commons.wikimedia.org/wiki/Special:FilePath/Flag%20of%20Indonesia.svg","https://no.wikipedia.org/wiki/Indonesia","Jayakatwang","Public domain",""
"http://www.wikidata.org/entity/Q843","Pakistan","223773700","http://commons.wikimedia.org/wiki/Special:FilePath/Flag%20of%20Pakistan.svg","https://no.wikipedia.org/wiki/Pakistan","User:Zscout370","Public domain",""
"http://www.wikidata.org/entity/Q155","Brazil","213421037","http://commons.wikimedia.org/wiki/Special:FilePath/Flag%20of%20Brazil.svg","https://no.wikipedia.org/wiki/Brasil","Raimundo Teixeira Mendes","Public domain",""
"http://www.wikidata.org/entity/Q1033","Nigeria","211400708","http://commons.wikimedia.org/wiki/Special:FilePath/Flag%20of%20Nigeria.svg","https://no.wikipedia.org/wiki/Nigeria","Jon Harald Søby .","Public domain",""
"http://www.wikidata.org/entity/Q902","Bangladesh","171466990","http://commons.wikimedia.org/wiki/Special:FilePath/Flag%20of%20Bangladesh.svg","https://no.wikipedia.org/wiki/Bangladesh","See File history below for details.","Public domain",""
"http://www.wikidata.org/entity/Q159","Russia","146119928","http://commons.wikimedia.org/wiki/Special:FilePath/Flag%20of%20Russia.svg","https://no.wikipedia.org/wiki/Russland","Peter the Great","Public domain",""
"http://www.wikidata.org/entity/Q96","Mexico","132274416","http://commons.wikimedia.org/wiki/Special:FilePath/Flag%20of%20Mexico.svg","https://no.wikipedia.org/wiki/Mexico","Alex Covarrubias , 9 April 2006. Based on the arms by Juan Manuel Gabino Villascán.","Public domain",""
"http://www.wikidata.org/entity/Q115","Ethiopia","128691692","http://commons.wikimedia.org/wiki/Special:FilePath/Flag%20of%20Ethiopia.svg","https://no.wikipedia.org/wiki/Etiopia","Drawn by User:SKopp","Public domain",""
"http://www.wikidata.org/entity/Q17","Japan","123802000","http://commons.wikimedia.org/wiki/Special:FilePath/Flag%20of%20Japan.svg","https://no.wikipedia.org/wiki/Japan","Various","Public domain",""
"http://www.wikidata.org/entity/Q79","Egypt","114535772","http://commons.wikimedia.org/wiki/Special:FilePath/Flag%20of%20Egypt.svg","https://no.wikipedia.org/wiki/Egypt","See File history below for details.","Public domain",""
"http://www.wikidata.org/entity/Q928","Philippines","112729484","http://commons.wikimedia.org/wiki/Special:FilePath/Flag%20of%20the%20Philippines.svg","https://no.wikipedia.org/wiki/Filippinene","See File history below for details.","Public domain",""
"http://www.wikidata.org/entity/Q974","Democratic Republic of the Congo","105789731","http://commons.wikimedia.org/wiki/Special:FilePath/Flag%20of%20the%20Democratic%20Republic%20of%20the%20Congo.svg","https://no.wikipedia.org/wiki/Den_demokratiske_republikken_Kongo","Nightstallion","Public domain",""
"http://www.wikidata.org/entity/Q881","Vietnam","96208984","http://commons.wikimedia.org/wiki/Special:FilePath/Flag%20of%20Vietnam.svg","https://no.wikipedia.org/wiki/Vietnam","See File history below for details.","Public domain",""
"http://www.wikidata.org/entity/Q794","Iran","92417700","http://commons.wikimedia.org/wiki/Special:FilePath/Flag%20of%20Iran.svg","https://no.wikipedia.org/wiki/Iran","SVG file: SiBr 4 Designer: Hamid Nadimi Construction: ISIRI","Public domain",""
"http://www.wikidata.org/entity/Q43","Turkey","85372377","http://commons.wikimedia.org/wiki/Special:FilePath/Flag%20of%20Turkey.svg","https://no.wikipedia.org/wiki/Tyrkia","David Benbennick (original author)","Public domain",""
"http://www.wikidata.org/entity/Q183","Germany","83577140","http://commons.wikimedia.org/wiki/Special:FilePath/Flag%20of%20Germany.svg","https://no.wikipedia.org/wiki/Tyskland","User:SKopp , User:Madden , and other users","Public domain",""
"http://www.wikidata.org/entity/Q142","France","68605616","http://commons.wikimedia.org/wiki/Special:FilePath/Flag%20of%20France.svg","https://no.wikipedia.org/wiki/Frankrike","Original: Unknown Vector: SKopp","Public domain",""
"http://www.wikidata.org/entity/Q145","United Kingdom","67326569","http://commons.wikimedia.org/wiki/Special:FilePath/Flag%20of%20the%20United%20Kingdom%20%283-5%29.svg","https://no.wikipedia.org/wiki/Storbritannia","Original: Acts of Union 1800 Vector: Yaddah","Public domain",""
"http://www.wikidata.org/entity/Q869","Thailand","66188503","http://commons.wikimedia.org/wiki/Special:FilePath/Flag%20of%20Thailand.svg","https://no.wikipedia.org/wiki/Thailand","Zscout370","Public domain",""
"http://www.wikidata.org/entity/Q258","South Africa","62027503","http://commons.wikimedia.org/wiki/Special:FilePath/Flag%20of%20South%20Africa.svg","https://no.wikipedia.org/wiki/S%C3%B8r-Afrika","Flag design by Frederick Brownell , image by Wikimedia Commons users","Public domain",""
"http://www.wikidata.org/entity/Q38","Italy","58850717","http://commons.wikimedia.org/wiki/Special:FilePath/Flag%20of%20Italy.svg","https://no.wikipedia.org/wiki/Italia","See below.","Public domain",""
"http://www.wikidata.org/entity/Q924","Tanzania","57310019","http://commons.wikimedia.org/wiki/Special:FilePath/Flag%20of%20Tanzania.svg","https://no.wikipedia.org/wiki/Tanzania","","Public domain",""
"http://www.wikidata.org/entity/Q836","Myanmar","53370609","http://commons.wikimedia.org/wiki/Special:FilePath/Flag%20of%20Myanmar.svg","https://no.wikipedia.org/wiki/Myanmar","ukjend","Public domain",""
"http://www.wikidata.org/entity/Q739","Colombia","52321152","http://commons.wikimedia.org/wiki/Special:FilePath/Flag%20of%20Colombia.svg","https://no.wikipedia.org/wiki/Colombia","See File history below for details.","Public domain",""
"http://www.wikidata.org/entity/Q884","South Korea","51466201","http://commons.wikimedia.org/wiki/Special:FilePath/Flag%20of%20South%20Korea.svg","https://no.wikipedia.org/wiki/S%C3%B8r-Korea","Original: Government of the Republic of Korea Vector: Great Brightstar and others","Public domain",""
"http://www.wikidata.org/entity/Q29","Spain","48592909","http://commons.wikimedia.org/wiki/Special:FilePath/Flag%20of%20Spain.svg","https://no.wikipedia.org/wiki/Spania","RelShot 263 , Echando una mano ; earlier version was Pedro A. Gracia Fajardo, escudo de Manual de Imagen Institucional de la Administración…","Public domain",""
"http://www.wikidata.org/entity/Q114","Kenya","48468138","http://commons.wikimedia.org/wiki/Special:FilePath/Flag%20of%20Kenya.svg","https://no.wikipedia.org/wiki/Kenya","User:Pumbaa80","Public domain",""
"http://www.wikidata.org/entity/Q414","Argentina","47327407","http://commons.wikimedia.org/wiki/Special:FilePath/Flag%20of%20Argentina.svg","https://no.wikipedia.org/wiki/Argentina","Manuel Belgrano","Public domain",""
"http://www.wikidata.org/entity/Q1036","Uganda","47123531","http://commons.wikimedia.org/wiki/Special:FilePath/Flag%20of%20Uganda.svg","https://no.wikipedia.org/wiki/Uganda","tobias","Public domain",""
"http://www.wikidata.org/entity/Q262","Algeria","46164219","http://commons.wikimedia.org/wiki/Special:FilePath/Flag%20of%20Algeria.svg","https://no.wikipedia.org/wiki/Algerie","Original: National Liberation Front of Algeria Vector: SKopp","Public domain",""
"http://www.wikidata.org/entity/Q889","Afghanistan","41454761","http://commons.wikimedia.org/wiki/Special:FilePath/Flag%20of%20the%20Taliban.svg","https://no.wikipedia.org/wiki/Afghanistan","Original: Taliban Vector: Lexicon","Public domain",""
"http://www.wikidata.org/entity/Q212","Ukraine","41167335","http://commons.wikimedia.org/wiki/Special:FilePath/Flag%20of%20Ukraine.svg","https://no.wikipedia.org/wiki/Ukraina","Government of Ukraine","Public domain",""
"http://www.wikidata.org/entity/Q1049","Sudan","40533330","http://commons.wikimedia.org/wiki/Special:FilePath/Flag%20of%20Sudan.svg","https://no.wikipedia.org/wiki/Sudan","See File history below for details.","Public domain",""
"http://www.wikidata.org/entity/Q796","Iraq","38274618","http://commons.wikimedia.org/wiki/Special:FilePath/Flag%20of%20Iraq.svg","https://no.wikipedia.org/wiki/Irak","See File history below for details.","Public domain",""
"http://www.wikidata.org/entity/Q36","Poland","37563071","http://commons.wikimedia.org/wiki/Special:FilePath/Flag%20of%20Poland.svg","https://no.wikipedia.org/wiki/Polen","See below.","Public domain",""
"http://www.wikidata.org/entity/Q16","Canada","36991981","http://commons.wikimedia.org/wiki/Special:FilePath/Flag%20of%20Canada%20%28Pantone%29.svg","https://no.wikipedia.org/wiki/Canada","Original: George F. G. Stanley Modified by: The original uploader was Illegitimate Barrister at Wikimedia Commons . The current SVG encodin…","Public domain",""
"http://www.wikidata.org/entity/Q1028","Morocco","36828330","http://commons.wikimedia.org/wiki/Special:FilePath/Flag%20of%20Morocco.svg","https://no.wikipedia.org/wiki/Marokko","Denelson83 , Zscout370","Public domain",""
"http://www.wikidata.org/entity/Q916","Angola","36749906","http://commons.wikimedia.org/wiki/Special:FilePath/Flag%20of%20Angola.svg","https://no.wikipedia.org/wiki/Angola","Original: Henrique de Carvalho Santos Vector: SKopp","Public domain",""
"http://www.wikidata.org/entity/Q265","Uzbekistan","34915100","http://commons.wikimedia.org/wiki/Special:FilePath/Flag%20of%20Uzbekistan.svg","https://no.wikipedia.org/wiki/Usbekistan","Farhod Yoʻldoshev","Public domain",""
"http://www.wikidata.org/entity/Q419","Peru","33726000","http://commons.wikimedia.org/wiki/Special:FilePath/Flag%20of%20Peru.svg","https://no.wikipedia.org/wiki/Peru","David Benbennick","Public domain",""
"http://www.wikidata.org/entity/Q851","Saudi Arabia","33000000","http://commons.wikimedia.org/wiki/Special:FilePath/Flag%20of%20Saudi%20Arabia.svg","https://no.wikipedia.org/wiki/Saudi-Arabia","The Shura Council","Public domain",""
"http://www.wikidata.org/entity/Q117","Ghana","32833031","http://commons.wikimedia.org/wiki/Special:FilePath/Flag%20of%20Ghana.svg","https://no.wikipedia.org/wiki/Ghana","Theodosia Okoh","Public domain",""
"http://www.wikidata.org/entity/Q833","Malaysia","32447385","http://commons.wikimedia.org/wiki/Special:FilePath/Flag%20of%20Malaysia.svg","https://no.wikipedia.org/wiki/Malaysia","MapGrid (old version SKopp , Zscout370 and Ranking Update )","Public domain",""
"http://www.wikidata.org/entity/Q1019","Madagascar","31964956","http://commons.wikimedia.org/wiki/Special:FilePath/Flag%20of%20Madagascar.svg","https://no.wikipedia.org/wiki/Madagaskar","","Public domain",""
"http://www.wikidata.org/entity/Q717","Venezuela","31250306","http://commons.wikimedia.org/wiki/Special:FilePath/Flag%20of%20Venezuela.svg","https://no.wikipedia.org/wiki/Venezuela","Various, see File history below for details.","Public domain",""
"http://www.wikidata.org/entity/Q1008","Ivory Coast","31165654","http://commons.wikimedia.org/wiki/Special:FilePath/Flag%20of%20C%C3%B4te%20d%27Ivoire.svg","https://no.wikipedia.org/wiki/Elfenbenskysten","See File history below for details.","Public domain",""
"http://www.wikidata.org/entity/Q1029","Mozambique","29668834","http://commons.wikimedia.org/wiki/Special:FilePath/Flag%20of%20Mozambique.svg","https://no.wikipedia.org/wiki/Mosambik","FRELIMO","Public domain",""
"http://www.wikidata.org/entity/Q837","Nepal","29164578","http://commons.wikimedia.org/wiki/Special:FilePath/Flag%20of%20Nepal.svg","https://no.wikipedia.org/wiki/Nepal","Drawn by Pumbaa80 , Achim1999","Public domain",""
"http://www.wikidata.org/entity/Q1009","Cameroon","28372687","http://commons.wikimedia.org/wiki/Special:FilePath/Flag%20of%20Cameroon.svg","https://no.wikipedia.org/wiki/Kamerun","(of code) -xfi-","Public domain",""
"http://www.wikidata.org/entity/Q805","Yemen","28250420","http://commons.wikimedia.org/wiki/Special:FilePath/Flag%20of%20Yemen.svg","https://no.wikipedia.org/wiki/Jemen","Nightstallion et al., see File history below for details.","Public domain",""
"http://www.wikidata.org/entity/Q408","Australia","27614411","http://commons.wikimedia.org/wiki/Special:FilePath/Flag%20of%20Australia%20%28converted%29.svg","https://no.wikipedia.org/wiki/Australia","Unknown (Vector graphics image by Ian Fieggen ) (only minor code changes by uploader.)","Public domain",""
"http://www.wikidata.org/entity/Q423","North Korea","26418204","http://commons.wikimedia.org/wiki/Special:FilePath/Flag%20of%20North%20Korea.svg","https://no.wikipedia.org/wiki/Nord-Korea","Original: Unknown author Vector: Zscout370","Public domain",""
"http://www.wikidata.org/entity/Q858","Syria","23865423","http://commons.wikimedia.org/wiki/Special:FilePath/Flag%20of%20Syria%20%282025-%29.svg","https://no.wikipedia.org/wiki/Syria","Modification by AnonMoos of PD image File:Flag of Syria (1930–1958, 1961–1963).svg (previous non-vector versions were by Coup de crayon 201…","Public domain",""
"http://www.wikidata.org/entity/Q865","Taiwan","23317031","http://commons.wikimedia.org/wiki/Special:FilePath/Flag%20of%20the%20Republic%20of%20China.svg","https://no.wikipedia.org/wiki/Republikken_Kina_(Taiwan)","Sun Yat-sen","Public domain",""
"http://www.wikidata.org/entity/Q965","Burkina Faso","23025776","http://commons.wikimedia.org/wiki/Special:FilePath/Flag%20of%20Burkina%20Faso.svg","https://no.wikipedia.org/wiki/Burkina_Faso","Drawn by SKopp , rewritten by Gabbe and Андрей Перцев","Public domain",""
"http://www.wikidata.org/entity/Q1032","Niger","21477348","http://commons.wikimedia.org/wiki/Special:FilePath/Flag%20of%20Niger.svg","https://no.wikipedia.org/wiki/Niger","Made by: Philippe Verdy User:verdy_p , see also fr:Utilisateur:verdy_p .","Public domain",""
"http://www.wikidata.org/entity/Q854","Sri Lanka","21444000","http://commons.wikimedia.org/wiki/Special:FilePath/Flag%20of%20Sri%20Lanka.svg","https://no.wikipedia.org/wiki/Sri_Lanka","Original: Sri Lanka Vectorization: Zscout370, Mike Rohsopht","Public domain",""
"http://www.wikidata.org/entity/Q912","Mali","20250833","http://commons.wikimedia.org/wiki/Special:FilePath/Flag%20of%20Mali.svg","https://no.wikipedia.org/wiki/Mali","SKopp","Public domain",""
"http://www.wikidata.org/entity/Q232","Kazakhstan","20139914","http://commons.wikimedia.org/wiki/Special:FilePath/Flag%20of%20Kazakhstan.svg","https://no.wikipedia.org/wiki/Kasakhstan","Shaken Niyazbekop","Public domain",""
"http://www.wikidata.org/entity/Q953","Zambia","19610769","http://commons.wikimedia.org/wiki/Special:FilePath/Flag%20of%20Zambia.svg","https://no.wikipedia.org/wiki/Zambia","Gabriel Ellison","Public domain",""
"http://www.wikidata.org/entity/Q298","Chile","19458000","http://commons.wikimedia.org/wiki/Special:FilePath/Flag%20of%20Chile.svg","https://no.wikipedia.org/wiki/Chile","See file history below for details.","Public domain",""
"http://www.wikidata.org/entity/Q657","Chad","19319064","http://commons.wikimedia.org/wiki/Special:FilePath/Flag%20of%20Chad.svg","https://no.wikipedia.org/wiki/Tsjad","SKopp & others (see upload log)","Public domain",""
"http://www.wikidata.org/entity/Q218","Romania","19053815","http://commons.wikimedia.org/wiki/Special:FilePath/Flag%20of%20Romania.svg","https://no.wikipedia.org/wiki/Romania","AdiJapan","Public domain",""
"http://www.wikidata.org/entity/Q55","Netherlands","17942942","http://commons.wikimedia.org/wiki/Special:FilePath/Flag%20of%20the%20Netherlands.svg","https://no.wikipedia.org/wiki/Nederland","Zscout370","Public domain",""
"http://www.wikidata.org/entity/Q1020","Malawi","17563749","http://commons.wikimedia.org/wiki/Special:FilePath/Flag%20of%20Malawi.svg","https://no.wikipedia.org/wiki/Malawi","Original: Unknown author Vector: Achim1999","Public domain",""
"http://www.wikidata.org/entity/Q424","Cambodia","17423880","http://commons.wikimedia.org/wiki/Special:FilePath/Flag%20of%20Cambodia.svg","https://no.wikipedia.org/wiki/Kambodsja","ukjend","Public domain",""
"http://www.wikidata.org/entity/Q774","Guatemala","17263239","http://commons.wikimedia.org/wiki/Special:FilePath/Flag%20of%20Guatemala.svg","https://no.wikipedia.org/wiki/Guatemala","K21edgo","Public domain",""
"http://www.wikidata.org/entity/Q29999","Kingdom of the Netherlands","17100715","http://commons.wikimedia.org/wiki/Special:FilePath/Flag%20of%20the%20Netherlands.svg","https://no.wikipedia.org/wiki/Kongeriket_Nederlandene","Zscout370","Public domain",""
"http://www.wikidata.org/entity/Q736","Ecuador","16938986","http://commons.wikimedia.org/wiki/Special:FilePath/Flag%20of%20Ecuador.svg","https://no.wikipedia.org/wiki/Ecuador","President of the Republic of Ecuador, first uploaded by Denelson83 as Flag of Ecuador.svg, modifications by Husunqu, Zscout370","Public domain",""
"http://www.wikidata.org/entity/Q1041","Senegal","16876720","http://commons.wikimedia.org/wiki/Special:FilePath/Flag%20of%20Senegal.svg","https://no.wikipedia.org/wiki/Senegal","Original upload by Nightstallion","Public domain",""
"http://www.wikidata.org/entity/Q954","Zimbabwe","15178979","http://commons.wikimedia.org/wiki/Special:FilePath/Flag%20of%20Zimbabwe.svg","https://no.wikipedia.org/wiki/Zimbabwe","See File history below for details.","Public domain",""
"http://www.wikidata.org/entity/Q1037","Rwanda","14569341","http://commons.wikimedia.org/wiki/Special:FilePath/Flag%20of%20Rwanda.svg","https://no.wikipedia.org/wiki/Rwanda","Original: Unknown Vector: Zscout370","Public domain",""
"http://www.wikidata.org/entity/Q962","Benin","14111034","http://commons.wikimedia.org/wiki/Special:FilePath/Flag%20of%20Benin.svg","https://no.wikipedia.org/wiki/Benin","Drawn by User:SKopp , rewritten by User:Gabbe","Public domain",""
"http://www.wikidata.org/entity/Q967","Burundi","13689450","http://commons.wikimedia.org/wiki/Special:FilePath/Flag%20of%20Burundi.svg","https://no.wikipedia.org/wiki/Burundi","See File history below for details.","Public domain",""
"http://www.wikidata.org/entity/Q1006","Guinea","12717176","http://commons.wikimedia.org/wiki/Special:FilePath/Flag%20of%20Guinea.svg","https://no.wikipedia.org/wiki/Guinea","","Public domain",""
"http://www.wikidata.org/entity/Q958","South Sudan","12575714","http://commons.wikimedia.org/wiki/Special:FilePath/Flag%20of%20South%20Sudan.svg","https://no.wikipedia.org/wiki/S%C3%B8r-Sudan","Achim1999","Public domain",""
"http://www.wikidata.org/entity/Q750","Bolivia","12244159","http://commons.wikimedia.org/wiki/Special:FilePath/Flag%20of%20Bolivia.svg","https://no.wikipedia.org/wiki/Bolivia","See file history' below for details.","Public domain",""
"http://www.wikidata.org/entity/Q31","Belgium","11825551","http://commons.wikimedia.org/wiki/Special:FilePath/Flag%20of%20Belgium.svg","https://no.wikipedia.org/wiki/Belgia","Dbenbenn and others","Public domain",""
"http://www.wikidata.org/entity/Q948","Tunisia","11565204","http://commons.wikimedia.org/wiki/Special:FilePath/Flag%20of%20Tunisia.svg","https://no.wikipedia.org/wiki/Tunisia","Various Wikimedia Commons' contributors","Public domain",""
"http://www.wikidata.org/entity/Q1045","Somalia","11031386","http://commons.wikimedia.org/wiki/Special:FilePath/Flag%20of%20Somalia.svg","https://no.wikipedia.org/wiki/Somalia","see upload history","Public domain",""
"http://www.wikidata.org/entity/Q241","Cuba","10985974","http://commons.wikimedia.org/wiki/Special:FilePath/Flag%20of%20Cuba.svg","https://no.wikipedia.org/wiki/Cuba","Miguel Teurbe Tolón and Narciso López","Public domain",""
"http://www.wikidata.org/entity/Q790","Haiti","10981229","http://commons.wikimedia.org/wiki/Special:FilePath/Flag%20of%20Haiti.svg","https://no.wikipedia.org/wiki/Haiti","(colours and size changes of the now deleted versions) Madden , Vzb83 , Denelson83 , Chanheigeorge , Zscout370 and Nightstallion Coat of ar…","Public domain",""
"http://www.wikidata.org/entity/Q213","Czech Republic","10909500","http://commons.wikimedia.org/wiki/Special:FilePath/Flag%20of%20the%20Czech%20Republic.svg","https://no.wikipedia.org/wiki/Tsjekkia","Jaroslav Kursa","Public domain",""
"http://www.wikidata.org/entity/Q786","Dominican Republic","10760028","http://commons.wikimedia.org/wiki/Special:FilePath/Flag%20of%20the%20Dominican%20Republic.svg","https://no.wikipedia.org/wiki/Den_dominikanske_republikk","Juan Pablo Duarte","Public domain",""
"http://www.wikidata.org/entity/Q34","Sweden","10609460","http://commons.wikimedia.org/wiki/Special:FilePath/Flag%20of%20Sweden.svg","https://no.wikipedia.org/wiki/Sverige","Jon Harald Søby and others.","Public domain",""
"http://www.wikidata.org/entity/Q41","Greece","10482487","http://commons.wikimedia.org/wiki/Special:FilePath/Flag%20of%20Greece.svg","https://no.wikipedia.org/wiki/Hellas","ukjend","Public domain",""
"http://www.wikidata.org/entity/Q810","Jordan","10428241","http://commons.wikimedia.org/wiki/Special:FilePath/Flag%20of%20Jordan.svg","https://no.wikipedia.org/wiki/Jordan","ukjend","Public domain",""
"http://www.wikidata.org/entity/Q45","Portugal","10347892","http://commons.wikimedia.org/wiki/Special:FilePath/Flag%20of%20Portugal%20%28official%29.svg","https://no.wikipedia.org/wiki/Portugal","Original: Columbano Bordalo Pinheiro Vector: Vítor Luís Rodrigues, António Martins-Tuválkin","Public domain",""
"http://www.wikidata.org/entity/Q227","Azerbaijan","10180770","http://commons.wikimedia.org/wiki/Special:FilePath/Flag%20of%20Azerbaijan.svg","https://no.wikipedia.org/wiki/Aserbajdsjan","SKopp and others","Public domain",""
"http://www.wikidata.org/entity/Q878","United Arab Emirates","9890400","http://commons.wikimedia.org/wiki/Special:FilePath/Flag%20of%20the%20United%20Arab%20Emirates.svg","https://no.wikipedia.org/wiki/De_forente_arabiske_emirater","Abdulla Mohammed Al Maainah","Public domain",""
"http://www.wikidata.org/entity/Q801","Israel","9840000","http://commons.wikimedia.org/wiki/Special:FilePath/Flag%20of%20Israel.svg","https://no.wikipedia.org/wiki/Israel","Israel Belkind and Fanny Abramovitch (original) “The Provisional Council of State Proclamation of the Flag of the State of Israel” of 25 Ti…","Public domain",""
"http://www.wikidata.org/entity/Q28","Hungary","9603634","http://commons.wikimedia.org/wiki/Special:FilePath/Flag%20of%20Hungary.svg","https://no.wikipedia.org/wiki/Ungarn","SKopp","Public domain",""
"http://www.wikidata.org/entity/Q863","Tajikistan","9504000","http://commons.wikimedia.org/wiki/Special:FilePath/Flag%20of%20Tajikistan.svg","https://no.wikipedia.org/wiki/Tadsjikistan","ukjend","Public domain",""
"http://www.wikidata.org/entity/Q184","Belarus","9109280","http://commons.wikimedia.org/wiki/Special:FilePath/Flag%20of%20Belarus.svg","https://no.wikipedia.org/wiki/Belarus","See File history below for details.","Public domain",""
"http://www.wikidata.org/entity/Q39","Switzerland","9104063","http://commons.wikimedia.org/wiki/Special:FilePath/Flag%20of%20Switzerland.svg","https://no.wikipedia.org/wiki/Sveits","Original: Unknown Vector: User:Marc Mongenet Credits: User:-xfi- User:Zscout370","Public domain",""
"http://www.wikidata.org/entity/Q40","Austria","8979894","http://commons.wikimedia.org/wiki/Special:FilePath/Flag%20of%20Austria.svg","https://no.wikipedia.org/wiki/%C3%98sterrike","Bundesministerium für Landesverteidigung","Public domain",""
"http://www.wikidata.org/entity/Q691","Papua New Guinea","8935000","http://commons.wikimedia.org/wiki/Special:FilePath/Flag%20of%20Papua%20New%20Guinea.svg","https://no.wikipedia.org/wiki/Papua_Ny-Guinea","User:Nightstallion","Public domain",""
"http://www.wikidata.org/entity/Q783","Honduras","8303771","http://commons.wikimedia.org/wiki/Special:FilePath/Flag%20of%20Honduras%20%281949%E2%80%932022%2C%202026%E2%80%93present%29.svg","https://no.wikipedia.org/wiki/Honduras","Kes47","Public domain",""
"http://www.wikidata.org/entity/Q945","Togo","7797694","http://commons.wikimedia.org/wiki/Special:FilePath/Flag%20of%20Togo%20%283-2%29.svg","https://no.wikipedia.org/wiki/Togo","Sangjinhwa","Public domain",""
"http://www.wikidata.org/entity/Q1044","Sierra Leone","7557212","http://commons.wikimedia.org/wiki/Special:FilePath/Flag%20of%20Sierra%20Leone.svg","https://no.wikipedia.org/wiki/Sierra_Leone","Zscout370","Public domain",""
"http://www.wikidata.org/entity/Q1016","Libya","7381023","http://commons.wikimedia.org/wiki/Special:FilePath/Flag%20of%20Libya.svg","https://no.wikipedia.org/wiki/Libya","Various The SVG code is valid . This vector image was created with a text editor .","Public domain",""
"http://www.wikidata.org/entity/Q813","Kyrgyzstan","7281800","http://commons.wikimedia.org/wiki/Special:FilePath/Flag%20of%20Kyrgyzstan.svg","https://no.wikipedia.org/wiki/Kirgisistan","Shakiev N.T., Primov U.B.","Public domain",""
"http://www.wikidata.org/entity/Q819","Laos","6858160","http://commons.wikimedia.org/wiki/Special:FilePath/Flag%20of%20Laos.svg","https://no.wikipedia.org/wiki/Laos","SKopp","Public domain",""
"http://www.wikidata.org/entity/Q733","Paraguay","6811297","http://commons.wikimedia.org/wiki/Special:FilePath/Flag%20of%20Paraguay.svg","https://no.wikipedia.org/wiki/Paraguay","Republica del Paraguay","Public domain",""
"http://www.wikidata.org/entity/Q403","Serbia","6605168","http://commons.wikimedia.org/wiki/Special:FilePath/Flag%20of%20Serbia.svg","https://no.wikipedia.org/wiki/Serbia","See File history below for details.","Public domain",""
"http://www.wikidata.org/entity/Q34754","Somaliland","6500000","http://commons.wikimedia.org/wiki/Special:FilePath/Flag%20of%20Somaliland.svg","https://no.wikipedia.org/wiki/Somaliland","Government of Somaliland","Public domain",""
"http://www.wikidata.org/entity/Q219","Bulgaria","6437360","http://commons.wikimedia.org/wiki/Special:FilePath/Flag%20of%20Bulgaria.svg","https://no.wikipedia.org/wiki/Bulgaria","SKopp","Public domain",""
"http://www.wikidata.org/entity/Q971","Republic of the Congo","6142180","http://commons.wikimedia.org/wiki/Special:FilePath/Flag%20of%20the%20Republic%20of%20the%20Congo.svg","https://no.wikipedia.org/wiki/Republikken_Kongo","See File history below for details.","Public domain",""
"http://www.wikidata.org/entity/Q874","Turkmenistan","6117933","http://commons.wikimedia.org/wiki/Special:FilePath/Flag%20of%20Turkmenistan.svg","https://no.wikipedia.org/wiki/Turkmenistan","","Public domain",""
"http://www.wikidata.org/entity/Q822","Lebanon","6100075","http://commons.wikimedia.org/wiki/Special:FilePath/Flag%20of%20Lebanon.svg","https://no.wikipedia.org/wiki/Libanon","Henri Pharaon","Public domain",""
"http://www.wikidata.org/entity/Q792","El Salvador","6029976","http://commons.wikimedia.org/wiki/Special:FilePath/Flag%20of%20El%20Salvador.svg","https://no.wikipedia.org/wiki/El_Salvador","See File history below for details.","Public domain",""
"http://www.wikidata.org/entity/Q334","Singapore","5866139","http://commons.wikimedia.org/wiki/Special:FilePath/Flag%20of%20Singapore.svg","https://no.wikipedia.org/wiki/Singapore","Original: Government of Singapore Vector: Zscout370","Public domain",""
"http://www.wikidata.org/entity/Q35","Denmark","5822863","http://commons.wikimedia.org/wiki/Special:FilePath/Flag%20of%20Denmark.svg","https://no.wikipedia.org/wiki/Danmark","Madden and others","Public domain",""
"http://www.wikidata.org/entity/Q20","Norway","5627400","http://commons.wikimedia.org/wiki/Special:FilePath/Flag%20of%20Norway.svg","https://no.wikipedia.org/wiki/Norge","Original: Fredrik Meltzer Vector: Gutten på Hemsen","Public domain",""
"http://www.wikidata.org/entity/Q33","Finland","5608218","http://commons.wikimedia.org/wiki/Special:FilePath/Flag%20of%20Finland.svg","https://no.wikipedia.org/wiki/Finland","ukjend","Public domain",""
"http://www.wikidata.org/entity/Q214","Slovakia","5419451","http://commons.wikimedia.org/wiki/Special:FilePath/Flag%20of%20Slovakia.svg","https://no.wikipedia.org/wiki/Slovakia","Original: Ladislav Čisárik and Ladislav Vrtel Vector: SKopp","Public domain",""
"http://www.wikidata.org/entity/Q664","New Zealand","5307800","http://commons.wikimedia.org/wiki/Special:FilePath/Flag%20of%20New%20Zealand.svg","https://no.wikipedia.org/wiki/New_Zealand","Original: Albert Hastings Markham Vector: Zscout370 , Hugh Jass , s. File history","Public domain",""
"http://www.wikidata.org/entity/Q800","Costa Rica","5265575","http://commons.wikimedia.org/wiki/Special:FilePath/Flag%20of%20Costa%20Rica.svg","https://no.wikipedia.org/wiki/Costa_Rica","See File history below for details.","Public domain",""
"http://www.wikidata.org/entity/Q219060","Palestine","5227193","http://commons.wikimedia.org/wiki/Special:FilePath/Flag%20of%20Palestine.svg","https://no.wikipedia.org/wiki/Palestina","Orionist , previous versions by Makaristos , Mysid , etc.","Public domain",""
"http://www.wikidata.org/entity/Q1014","Liberia","5214030","http://commons.wikimedia.org/wiki/Special:FilePath/Flag%20of%20Liberia.svg","https://no.wikipedia.org/wiki/Liberia","Government of Liberia","Public domain",""
"http://www.wikidata.org/entity/Q929","Central African Republic","5152421","http://commons.wikimedia.org/wiki/Special:FilePath/Flag%20of%20the%20Central%20African%20Republic.svg","https://no.wikipedia.org/wiki/Den_sentralafrikanske_republikk","Barthélemy Boganda","Public domain",""
"http://www.wikidata.org/entity/Q27","Ireland","5149139","http://commons.wikimedia.org/wiki/Special:FilePath/Flag%20of%20Ireland.svg","https://no.wikipedia.org/wiki/Irland","Éire","Public domain",""
"http://www.wikidata.org/entity/Q811","Nicaragua","5142098","http://commons.wikimedia.org/wiki/Special:FilePath/Flag%20of%20Nicaragua.svg","https://no.wikipedia.org/wiki/Nicaragua","C records","Public domain",""
"http://www.wikidata.org/entity/Q842","Oman","4829480","http://commons.wikimedia.org/wiki/Special:FilePath/Flag%20of%20Oman.svg","https://no.wikipedia.org/wiki/Oman","See File history below for details.","OGL-om 1.0","https://www.oman.om/en/home-footer-level/faq/open-government-licence-oman"
"http://www.wikidata.org/entity/Q1025","Mauritania","4736139","http://commons.wikimedia.org/wiki/Special:FilePath/Flag%20of%20Mauritania.svg","https://no.wikipedia.org/wiki/Mauritania","See File history below for details.","Public domain",""
"http://www.wikidata.org/entity/Q804","Panama","4570133","http://commons.wikimedia.org/wiki/Special:FilePath/Flag%20of%20Panama.svg","https://no.wikipedia.org/wiki/Panama","Zscout370 et al.","Public domain",""
"http://www.wikidata.org/entity/Q817","Kuwait","4464000","http://commons.wikimedia.org/wiki/Special:FilePath/Flag%20of%20Kuwait.svg","https://no.wikipedia.org/wiki/Kuwait","","Public domain",""
"http://www.wikidata.org/entity/Q224","Croatia","3871833","http://commons.wikimedia.org/wiki/Special:FilePath/Flag%20of%20Croatia.svg","https://no.wikipedia.org/wiki/Kroatia","Nightstallion, Elephantus, Neoneo13, Denelson83, Rainman, R-41, Minestrone, Lupo, Zscout370, Ma Ga (based on Decision of the Parliament )","Public domain",""
"http://www.wikidata.org/entity/Q225","Bosnia and Herzegovina","3816459","http://commons.wikimedia.org/wiki/Special:FilePath/Flag%20of%20Bosnia%20and%20Herzegovina.svg","https://no.wikipedia.org/wiki/Bosnia-Hercegovina","Mladen Kolobarić","Public domain",""
"http://www.wikidata.org/entity/Q230","Georgia","3717100","http://commons.wikimedia.org/wiki/Special:FilePath/Flag%20of%20Georgia.svg","https://no.wikipedia.org/wiki/Georgia","Last update by MapGrid SKopp","Public domain",""
"http://www.wikidata.org/entity/Q986","Eritrea","3497000","http://commons.wikimedia.org/wiki/Special:FilePath/Flag%20of%20Eritrea.svg","https://no.wikipedia.org/wiki/Eritrea","ukjend","Public domain",""
"http://www.wikidata.org/entity/Q77","Uruguay","3444263","http://commons.wikimedia.org/wiki/Special:FilePath/Flag%20of%20Uruguay.svg","https://no.wikipedia.org/wiki/Uruguay","See File history below for details.","Public domain",""
"http://www.wikidata.org/entity/Q711","Mongolia","3409939","http://commons.wikimedia.org/wiki/Special:FilePath/Flag%20of%20Mongolia.svg","https://no.wikipedia.org/wiki/Mongolia","See File history below for details.","Public domain",""
"http://www.wikidata.org/entity/Q399","Armenia","2930450","http://commons.wikimedia.org/wiki/Special:FilePath/Flag%20of%20Armenia.svg","https://no.wikipedia.org/wiki/Armenia","Original: Stepan Malkhasyants Vector: SKopp","Public domain",""
"http://www.wikidata.org/entity/Q37","Lithuania","2860002","http://commons.wikimedia.org/wiki/Special:FilePath/Flag%20of%20Lithuania.svg","https://no.wikipedia.org/wiki/Litauen","Original: Jonas Basanavičius, Tadas Daugirdas and Antanas Žmuidzinavičius Vector: SKopp The SVG code is valid . This flag was created with…","Public domain",""
"http://www.wikidata.org/entity/Q222","Albania","2811655","http://commons.wikimedia.org/wiki/Special:FilePath/Flag%20of%20Albania.svg","https://no.wikipedia.org/wiki/Albania","Sadik Kaceli","Public domain",""
"http://www.wikidata.org/entity/Q766","Jamaica","2697983","http://commons.wikimedia.org/wiki/Special:FilePath/Flag%20of%20Jamaica.svg","https://no.wikipedia.org/wiki/Jamaica","The SVG code is valid . This vector image was created with Inkscape by SKopp , and then manually edited by Zscout370 , Madden and others.","Public domain",""
"http://www.wikidata.org/entity/Q1005","The Gambia","2639916","http://commons.wikimedia.org/wiki/Special:FilePath/Flag%20of%20The%20Gambia.svg","https://no.wikipedia.org/wiki/Gambia","Vzb83 i The source code of the previous SVG was invalid due to 39 errors.","Public domain",""
"http://www.wikidata.org/entity/Q846","Qatar","2639211","http://commons.wikimedia.org/wiki/Special:FilePath/Flag%20of%20Qatar.svg","https://no.wikipedia.org/wiki/Qatar","See File history below for details.","Public domain",""
"http://www.wikidata.org/entity/Q1030","Namibia","2533794","http://commons.wikimedia.org/wiki/Special:FilePath/Flag%20of%20Namibia.svg","https://no.wikipedia.org/wiki/Namibia","SVG by Vzb83 et al.","Public domain",""
"http://www.wikidata.org/entity/Q963","Botswana","2480244","http://commons.wikimedia.org/wiki/Special:FilePath/Flag%20of%20Botswana.svg","https://no.wikipedia.org/wiki/Botswana","SKopp , Gabbe , Madden","Public domain",""
"http://www.wikidata.org/entity/Q217","Moldova","2409207","http://commons.wikimedia.org/wiki/Special:FilePath/Flag%20of%20Moldova.svg","https://no.wikipedia.org/wiki/Moldova","Gheorghe Vrabie","Public domain",""
"http://www.wikidata.org/entity/Q215","Slovenia","2066880","http://commons.wikimedia.org/wiki/Special:FilePath/Flag%20of%20Slovenia.svg","https://no.wikipedia.org/wiki/Slovenia","Original: Marko Pogačnik Vector: Achim1999","Public domain",""
"http://www.wikidata.org/entity/Q1000","Gabon","2025137","http://commons.wikimedia.org/wiki/Special:FilePath/Flag%20of%20Gabon.svg","https://no.wikipedia.org/wiki/Gabon","Léon Augé and Pierre Claver Eyeghe","Public domain",""
"http://www.wikidata.org/entity/Q1013","Lesotho","2007201","http://commons.wikimedia.org/wiki/Special:FilePath/Flag%20of%20Lesotho.svg","https://no.wikipedia.org/wiki/Lesotho","See File history below for details.","Public domain",""
"http://www.wikidata.org/entity/Q1007","Guinea-Bissau","1861283","http://commons.wikimedia.org/wiki/Special:FilePath/Flag%20of%20Guinea-Bissau.svg","https://no.wikipedia.org/wiki/Guinea-Bissau","","Public domain",""
"http://www.wikidata.org/entity/Q211","Latvia","1856932","http://commons.wikimedia.org/wiki/Special:FilePath/Flag%20of%20Latvia.svg","https://no.wikipedia.org/wiki/Latvia","Original: Ansis Cīrulis Vector: SKopp","Public domain",""
"http://www.wikidata.org/entity/Q983","Equatorial Guinea","1847549","http://commons.wikimedia.org/wiki/Special:FilePath/Flag%20of%20Equatorial%20Guinea.svg","https://no.wikipedia.org/wiki/Ekvatorial-Guinea","See File history below for details.","Public domain",""
"http://www.wikidata.org/entity/Q221","North Macedonia","1836713","http://commons.wikimedia.org/wiki/Special:FilePath/Flag%20of%20North%20Macedonia.svg","https://no.wikipedia.org/wiki/Nord-Makedonia","User:SKopp , redrawn by User:Gabbe","Public domain",""
"http://www.wikidata.org/entity/Q1246","Kosovo","1586659","http://commons.wikimedia.org/wiki/Special:FilePath/Flag%20of%20Kosovo.svg","https://no.wikipedia.org/wiki/Kosovo","Cradel (current version), earlier version by Ningyou","Public domain",""
"http://www.wikidata.org/entity/Q398","Bahrain","1569666","http://commons.wikimedia.org/wiki/Special:FilePath/Flag%20of%20Bahrain.svg","https://no.wikipedia.org/wiki/Bahrain","Source: Drawn by SKopp , rewritten by Zscout370","Public domain",""
"http://www.wikidata.org/entity/Q191","Estonia","1369995","http://commons.wikimedia.org/wiki/Special:FilePath/Flag%20of%20Estonia.svg","https://no.wikipedia.org/wiki/Estland","Original: Unknown author Vector: SKopp , PeepP and ‍others","Public domain",""
"http://www.wikidata.org/entity/Q754","Trinidad and Tobago","1369125","http://commons.wikimedia.org/wiki/Special:FilePath/Flag%20of%20Trinidad%20and%20Tobago.svg","https://no.wikipedia.org/wiki/Trinidad_og_Tobago","See File history , below, for details .","Public domain",""
"http://www.wikidata.org/entity/Q229","Cyprus","1344976","http://commons.wikimedia.org/wiki/Special:FilePath/Flag%20of%20Cyprus.svg","https://no.wikipedia.org/wiki/Republikken_Kypros","İsmet Güney , SVG by User:Vzb83","Public domain",""
"http://www.wikidata.org/entity/Q1027","Mauritius","1264613","http://commons.wikimedia.org/wiki/Special:FilePath/Flag%20of%20Mauritius.svg","https://no.wikipedia.org/wiki/Mauritius","Zscout370","Public domain",""
"http://www.wikidata.org/entity/Q574","Timor-Leste","1243235","http://commons.wikimedia.org/wiki/Special:FilePath/Flag%20of%20East%20Timor.svg","https://no.wikipedia.org/wiki/%C3%98st-Timor","See File history , below, for details.","Public domain",""
"http://www.wikidata.org/entity/Q1050","Eswatini","1230506","http://commons.wikimedia.org/wiki/Special:FilePath/Flag%20of%20Eswatini.svg","https://no.wikipedia.org/wiki/Eswatini","Sobhuza II","Public domain",""
"http://www.wikidata.org/entity/Q977","Djibouti","1152944","http://commons.wikimedia.org/wiki/Special:FilePath/Flag%20of%20Djibouti.svg","https://no.wikipedia.org/wiki/Djibouti","ukjend","Public domain",""
"http://www.wikidata.org/entity/Q712","Fiji","926276","http://commons.wikimedia.org/wiki/Special:FilePath/Flag%20of%20Fiji.svg","https://no.wikipedia.org/wiki/Fiji","Tessa Mackenzie","Public domain",""
"http://www.wikidata.org/entity/Q970","Comoros","902348","http://commons.wikimedia.org/wiki/Special:FilePath/Flag%20of%20the%20Comoros.svg","https://no.wikipedia.org/wiki/Komorene","Original : Comoros ; Vector : see file history","Public domain",""
"http://www.wikidata.org/entity/Q734","Guyana","878674","http://commons.wikimedia.org/wiki/Special:FilePath/Flag%20of%20Guyana.svg","https://no.wikipedia.org/wiki/Guyana","Whitney Smith","Public domain",""
"http://www.wikidata.org/entity/Q917","Bhutan","787424","http://commons.wikimedia.org/wiki/Special:FilePath/Flag%20of%20Bhutan.svg","https://no.wikipedia.org/wiki/Bhutan","See File history below for details.","Public domain",""
"http://www.wikidata.org/entity/Q32","Luxembourg","681987","http://commons.wikimedia.org/wiki/Special:FilePath/Flag%20of%20Luxembourg.svg","https://no.wikipedia.org/wiki/Luxembourg","Drawn by User:SKopp","Public domain",""
"http://www.wikidata.org/entity/Q236","Montenegro","617213","http://commons.wikimedia.org/wiki/Special:FilePath/Flag%20of%20Montenegro.svg","https://no.wikipedia.org/wiki/Montenegro","B1mbo , Froztbyte , Great Brightstar","Public domain",""
"http://www.wikidata.org/entity/Q685","Solomon Islands","611343","http://commons.wikimedia.org/wiki/Special:FilePath/Flag%20of%20the%20Solomon%20Islands.svg","https://no.wikipedia.org/wiki/Salomon%C3%B8yene","User:SKopp","Public domain",""
"http://www.wikidata.org/entity/Q730","Suriname","563402","http://commons.wikimedia.org/wiki/Special:FilePath/Flag%20of%20Suriname.svg","https://no.wikipedia.org/wiki/Surinam","See File history below for details.","Public domain",""
"http://www.wikidata.org/entity/Q1011","Cape Verde","555988","http://commons.wikimedia.org/wiki/Special:FilePath/Flag%20of%20Cape%20Verde.svg","https://no.wikipedia.org/wiki/Kapp_Verde","Original: Pedro Gregório Vector: SKopp","Public domain",""
"http://www.wikidata.org/entity/Q233","Malta","553214","http://commons.wikimedia.org/wiki/Special:FilePath/Flag%20of%20Malta.svg","https://no.wikipedia.org/wiki/Malta","See File history below for details.","Public domain",""
"http://www.wikidata.org/entity/Q23681","Northern Cyprus","476214","http://commons.wikimedia.org/wiki/Special:FilePath/Flag%20of%20the%20Turkish%20Republic%20of%20Northern%20Cyprus.svg","https://no.wikipedia.org/wiki/Nord-Kypros","See File History , below for details.","Public domain",""
"http://www.wikidata.org/entity/Q921","Brunei","458949","http://commons.wikimedia.org/wiki/Special:FilePath/Flag%20of%20Brunei.svg","https://no.wikipedia.org/wiki/Brunei","Nightstallion","Public domain",""
"http://www.wikidata.org/entity/Q826","Maldives","436330","http://commons.wikimedia.org/wiki/Special:FilePath/Flag%20of%20Maldives.svg","https://no.wikipedia.org/wiki/Maldivene","See File history , below, for details.","Public domain",""
"http://www.wikidata.org/entity/Q242","Belize","411106","http://commons.wikimedia.org/wiki/Special:FilePath/Flag%20of%20Belize.svg","https://no.wikipedia.org/wiki/Belize","Caleb Moore","Public domain",""
"http://www.wikidata.org/entity/Q778","The Bahamas","399440","http://commons.wikimedia.org/wiki/Special:FilePath/Flag%20of%20the%20Bahamas.svg","https://no.wikipedia.org/wiki/Bahamas","Government of Bahamas","Public domain",""
"http://www.wikidata.org/entity/Q189","Iceland","364260","http://commons.wikimedia.org/wiki/Special:FilePath/Flag%20of%20Iceland.svg","https://no.wikipedia.org/wiki/Island","Original: Matthías Þórðarson Vector: Árni Dagur and Magasjukur2","Public domain",""
"http://www.wikidata.org/entity/Q244","Barbados","303431","http://commons.wikimedia.org/wiki/Special:FilePath/Flag%20of%20Barbados.svg","https://no.wikipedia.org/wiki/Barbados","User:Denelson83","Public domain",""
"http://www.wikidata.org/entity/Q686","Vanuatu","300019","http://commons.wikimedia.org/wiki/Special:FilePath/Flag%20of%20Vanuatu.svg","https://no.wikipedia.org/wiki/Vanuatu","Kalontas Mahlon","Public domain",""
"http://www.wikidata.org/entity/Q1147441","British North Borneo","285000","http://commons.wikimedia.org/wiki/Special:FilePath/Flag%20of%20North%20Borneo%20%281902%E2%80%931946%29.svg","https://no.wikipedia.org/wiki/Britisk_Nord-Borneo","Orange Tuesday ( talk )","Public domain",""
"http://www.wikidata.org/entity/Q1039","São Tomé and Príncipe","204327","http://commons.wikimedia.org/wiki/Special:FilePath/Flag%20of%20S%C3%A3o%20Tom%C3%A9%20and%20Pr%C3%ADncipe.svg","https://no.wikipedia.org/wiki/S%C3%A3o_Tom%C3%A9_og_Pr%C3%ADncipe","See File history below for details.","Public domain",""
"http://www.wikidata.org/entity/Q683","Samoa","200010","http://commons.wikimedia.org/wiki/Special:FilePath/Flag%20of%20Samoa.svg","https://no.wikipedia.org/wiki/Samoa","Original: Malietoa Tanumafili II and Tupua Tamasese Meaʻole Vector: See the file history below, for details.","Public domain",""
"http://www.wikidata.org/entity/Q760","Saint Lucia","167591","http://commons.wikimedia.org/wiki/Special:FilePath/Flag%20of%20Saint%20Lucia.svg","https://no.wikipedia.org/wiki/Saint_Lucia","Dunstan St Omer","Public domain",""
"http://www.wikidata.org/entity/Q25279","Curaçao","152849","http://commons.wikimedia.org/wiki/Special:FilePath/Flag%20of%20Cura%C3%A7ao.svg","https://no.wikipedia.org/wiki/Cura%C3%A7ao","Original: Unknown Vector: David Benbennick","Public domain",""
"http://www.wikidata.org/entity/Q710","Kiribati","134518","http://commons.wikimedia.org/wiki/Special:FilePath/Flag%20of%20Kiribati.svg","https://no.wikipedia.org/wiki/Kiribati","User:Hanzlan","Public domain",""
"http://www.wikidata.org/entity/Q1042","Seychelles","119773","http://commons.wikimedia.org/wiki/Special:FilePath/Flag%20of%20Seychelles.svg","https://no.wikipedia.org/wiki/Seychellene","User:Vxb83","Public domain",""
"http://www.wikidata.org/entity/Q769","Grenada","114299","http://commons.wikimedia.org/wiki/Special:FilePath/Flag%20of%20Grenada.svg","https://no.wikipedia.org/wiki/Grenada","See file history below for details.","Public domain",""
"http://www.wikidata.org/entity/Q757","Saint Vincent and the Grenadines","109897","http://commons.wikimedia.org/wiki/Special:FilePath/Flag%20of%20Saint%20Vincent%20and%20the%20Grenadines.svg","https://no.wikipedia.org/wiki/Saint_Vincent_og_Grenadinene","SKopp","Public domain",""
"http://www.wikidata.org/entity/Q678","Tonga","108020","http://commons.wikimedia.org/wiki/Special:FilePath/Flag%20of%20Tonga.svg","https://no.wikipedia.org/wiki/Tonga","Uelingatoni Ngu Tupoumalohi","Public domain",""
"http://www.wikidata.org/entity/Q21203","Aruba","106739","http://commons.wikimedia.org/wiki/Special:FilePath/Flag%20of%20Aruba.svg","https://no.wikipedia.org/wiki/Aruba","Original: Whitney Smith Vector: Wester","Public domain",""
"http://www.wikidata.org/entity/Q781","Antigua and Barbuda","101489","http://commons.wikimedia.org/wiki/Special:FilePath/Flag%20of%20Antigua%20and%20Barbuda.svg","https://no.wikipedia.org/wiki/Antigua_og_Barbuda","Original: Sir Reginald Samuel Vector: David Benbennick","Public domain",""
"http://www.wikidata.org/entity/Q228","Andorra","87486","http://commons.wikimedia.org/wiki/Special:FilePath/Flag%20of%20Andorra.svg","https://no.wikipedia.org/wiki/Andorra","Original: Napoleon III Vector: HansenBCN","Public domain",""
"http://www.wikidata.org/entity/Q702","Federated States of Micronesia","75817","http://commons.wikimedia.org/wiki/Special:FilePath/Flag%20of%20the%20Federated%20States%20of%20Micronesia.svg","https://no.wikipedia.org/wiki/Mikronesiaf%C3%B8derasjonen","","Public domain",""
"http://www.wikidata.org/entity/Q784","Dominica","74656","http://commons.wikimedia.org/wiki/Special:FilePath/Flag%20of%20Dominica.svg","https://no.wikipedia.org/wiki/Dominica","Alwin Bully","Public domain",""
"http://www.wikidata.org/entity/Q165763","Principality of Waldeck","59000","http://commons.wikimedia.org/wiki/Special:FilePath/Flag%20of%20Waldeck%20before%201830.svg","https://no.wikipedia.org/wiki/Waldeck-Pyrmont","derivative work: Orange Tuesday ( talk ) Flag_of_Germany_(2-3).svg : Dbenbenn","Public domain",""
"http://www.wikidata.org/entity/Q223","Greenland","56609","http://commons.wikimedia.org/wiki/Special:FilePath/Flag%20of%20Greenland.svg","https://no.wikipedia.org/wiki/Gr%C3%B8nland","Jeffrey Connell ( IceKarma )","Public domain",""
"http://www.wikidata.org/entity/Q709","Marshall Islands","53127","http://commons.wikimedia.org/wiki/Special:FilePath/Flag%20of%20the%20Marshall%20Islands.svg","https://no.wikipedia.org/wiki/Marshall%C3%B8yene","SKopp","Public domain",""
"http://www.wikidata.org/entity/Q763","Saint Kitts and Nevis","46922","http://commons.wikimedia.org/wiki/Special:FilePath/Flag%20of%20Saint%20Kitts%20and%20Nevis.svg","https://no.wikipedia.org/wiki/Saint_Kitts_og_Nevis","Edrice Lewis","Public domain",""
"http://www.wikidata.org/entity/Q26273","Sint Maarten","43847","http://commons.wikimedia.org/wiki/Special:FilePath/Flag%20of%20Sint%20Maarten.svg","https://no.wikipedia.org/wiki/Sint_Maarten","User:Shervinafshar , based on work of User:Washiucho . Earlier non-PD versions by User:SiBr4 , User:Fry1989 , and User:Andrwsc .","Public domain",""
"http://www.wikidata.org/entity/Q235","Monaco","38423","http://commons.wikimedia.org/wiki/Special:FilePath/Flag%20of%20Monaco.svg","https://no.wikipedia.org/wiki/Monaco","Drawn by User:SKopp","Public domain",""
"http://www.wikidata.org/entity/Q347","Liechtenstein","37922","http://commons.wikimedia.org/wiki/Special:FilePath/Flag%20of%20Liechtenstein.svg","https://no.wikipedia.org/wiki/Liechtenstein","Mnmazur and others","Public domain",""
"http://www.wikidata.org/entity/Q238","San Marino","33600","http://commons.wikimedia.org/wiki/Special:FilePath/Flag%20of%20San%20Marino.svg","https://no.wikipedia.org/wiki/San_Marino","Zscout370","Public domain",""
"http://www.wikidata.org/entity/Q695","Palau","21729","http://commons.wikimedia.org/wiki/Special:FilePath/Flag%20of%20Palau.svg","https://no.wikipedia.org/wiki/Palau","Original: John Blau Skebong Vector: Nightstallion","Public domain",""
"http://www.wikidata.org/entity/Q26988","Cook Islands","14222","http://commons.wikimedia.org/wiki/Special:FilePath/Flag%20of%20the%20Cook%20Islands.svg","https://no.wikipedia.org/wiki/Cook%C3%B8yene","","Public domain",""
"http://www.wikidata.org/entity/Q697","Nauru","13650","http://commons.wikimedia.org/wiki/Special:FilePath/Flag%20of%20Nauru.svg","https://no.wikipedia.org/wiki/Nauru","User:Skimel","Public domain",""
"http://www.wikidata.org/entity/Q672","Tuvalu","10643","http://commons.wikimedia.org/wiki/Special:FilePath/Flag%20of%20Tuvalu.svg","https://no.wikipedia.org/wiki/Tuvalu","ukjend","Public domain",""
"http://www.wikidata.org/entity/Q34020","Niue","1821","http://commons.wikimedia.org/wiki/Special:FilePath/Flag%20of%20Niue.svg","https://no.wikipedia.org/wiki/Niue","SKopp","Public domain",""
"http://www.wikidata.org/entity/Q237","Vatican City","882","http://commons.wikimedia.org/wiki/Special:FilePath/Flag%20of%20Vatican%20City%20%282023%E2%80%93present%29.svg","https://no.wikipedia.org/wiki/Vatikanstaten","Goran_tek-en","Public domain",""
