item,itemLabel,image,article,rankArticle,manufacturerLabel,vehicleTypeLabel,productionStart,sitelinks,iconic,pageviews,imageAuthor,imageLicense,imageLicenseUrl
"http://www.wikidata.org/entity/Q2469805","Alfa Romeo 4C","http://commons.wikimedia.org/wiki/Special:FilePath/Festival%20automobile%20international%202014%20-%20Alfa%20Romeo%204C%20-%20033%20%28cropped%29.jpg","https://no.wikipedia.org/wiki/Alfa_Romeo_4C","https://no.wikipedia.org/wiki/Alfa_Romeo_4C","Alfa Romeo","Sportsbil","","25","0","95","Thesupermat","CC BY-SA 3.0","https://creativecommons.org/licenses/by-sa/3.0"
"http://www.wikidata.org/entity/Q1752108","Alfa Romeo 6C","http://commons.wikimedia.org/wiki/Special:FilePath/Alfa%20Romeo%206C%20Freccia%20d%27Oro%201949.jpg","https://no.wikipedia.org/wiki/Alfa_Romeo_6C","https://no.wikipedia.org/wiki/Alfa_Romeo_6C","Alfa Romeo","Sportsbil","","17","0","0","Palauenc05","CC BY-SA 4.0","https://creativecommons.org/licenses/by-sa/4.0"
"http://www.wikidata.org/entity/Q1472912","Alfa Romeo 8C","http://commons.wikimedia.org/wiki/Special:FilePath/1938%20Alfa%20Romeo%208C%202900%20Mille%20Miglia%2034%203.jpg","https://no.wikipedia.org/wiki/Alfa_Romeo_8C","https://no.wikipedia.org/wiki/Alfa_Romeo_8C","Alfa Romeo","Sportsbil","","20","0","37","Simon Davison from Los Gatos, United States","CC BY-SA 3.0","https://creativecommons.org/licenses/by-sa/3.0/"
"http://www.wikidata.org/entity/Q622479","Alfa Romeo 8C Competizione","http://commons.wikimedia.org/wiki/Special:FilePath/Alfa%20Romeo%208C%20Competizione%20MYLE%20Festival%202025%20DSC%209656.jpg","https://no.wikipedia.org/wiki/Alfa_Romeo_8C_Competizione","https://no.wikipedia.org/wiki/Alfa_Romeo_8C_Competizione","Alfa Romeo","Sportsbil","","23","0","57","Alexander Migl","CC BY-SA 4.0","https://creativecommons.org/licenses/by-sa/4.0"
"http://www.wikidata.org/entity/Q1133424","Alfa Romeo Brera","http://commons.wikimedia.org/wiki/Special:FilePath/2007%20Alfa%20Romeo%20Brera%20V6%20coupe%20%2823416268426%29.jpg","https://no.wikipedia.org/wiki/Alfa_Romeo_Brera","https://no.wikipedia.org/wiki/Alfa_Romeo_Brera","Alfa Romeo","Sportsbil","","27","0","50","Jeremy from Sydney, Australia","CC BY 2.0","https://creativecommons.org/licenses/by/2.0"
"http://www.wikidata.org/entity/Q1130996","Alfa Romeo GT","http://commons.wikimedia.org/wiki/Special:FilePath/Alfa%20Romeo%20GT%20black%20vl.jpg","https://no.wikipedia.org/wiki/Alfa_Romeo_GT","https://no.wikipedia.org/wiki/Alfa_Romeo_GT","Alfa Romeo","Sportsbil","","25","0","42","","CC BY-SA 3.0","https://creativecommons.org/licenses/by-sa/3.0/"
"http://www.wikidata.org/entity/Q224953","Alfa Romeo GTV (1995)","http://commons.wikimedia.org/wiki/Special:FilePath/Alfa%20Romeo%20Spider%20%28Type%20916%29.jpg","https://no.wikipedia.org/wiki/Alfa_Romeo_GTV_(1995)","https://no.wikipedia.org/wiki/Alfa_Romeo_GTV_(1995)","Alfa Romeo","Sportsbil","","24","0","48","","CC BY-SA 3.0","https://creativecommons.org/licenses/by-sa/3.0/"
"http://www.wikidata.org/entity/Q614521","Alfa Romeo Montreal","http://commons.wikimedia.org/wiki/Special:FilePath/Alfa%20Romeo%20Montreal%20GIMS%202024%20mod.jpg","https://no.wikipedia.org/wiki/Alfa_Romeo_Montreal","https://no.wikipedia.org/wiki/Alfa_Romeo_Montreal","Alfa Romeo","Sportsbil","","22","0","55","Matti Blume / Freisteller, Bildbearbeitung & Retusche von Auge=mit","CC BY-SA 3.0","https://creativecommons.org/licenses/by-sa/3.0"
"http://www.wikidata.org/entity/Q1477201","Alfa Romeo Spider","http://commons.wikimedia.org/wiki/Special:FilePath/1967-Alfa-Romeo-Duetto-Red-Front-Angle-st.jpg","https://no.wikipedia.org/wiki/Alfa_Romeo_Spider","https://no.wikipedia.org/wiki/Alfa_Romeo_Spider","Alfa Romeo","Sportsbil","","27","1","108","","CC BY-SA 3.0","https://creativecommons.org/licenses/by-sa/3.0/"
"http://www.wikidata.org/entity/Q780626","Alfa Romeo SZ","http://commons.wikimedia.org/wiki/Special:FilePath/Alfa%20SZ%20AutoItalia%20Brooklands%20May%202012%20THP%207123.jpg","https://no.wikipedia.org/wiki/Alfa_Romeo_SZ","https://no.wikipedia.org/wiki/Alfa_Romeo_SZ","Alfa Romeo","Sportsbil","","23","0","42","Tony Harrison","CC BY-SA 2.0","https://creativecommons.org/licenses/by-sa/2.0"
"http://www.wikidata.org/entity/Q741857","Alpine A110","http://commons.wikimedia.org/wiki/Special:FilePath/Alpine%20A110.jpg","https://no.wikipedia.org/wiki/Alpine_A110","https://no.wikipedia.org/wiki/Alpine_A110","Alpine","Sportsbil","1962-01-01T00:00:00Z","21","1","147","Karrmann","CC BY-SA 3.0","https://creativecommons.org/licenses/by-sa/3.0/"
"http://www.wikidata.org/entity/Q24936559","Alpine A110 (2017)","http://commons.wikimedia.org/wiki/Special:FilePath/Alpine%20A110%20Automesse%20Ludwigsburg%202024%20IMG%201563.jpg","https://no.wikipedia.org/wiki/Alpine_A110_(2017)","https://no.wikipedia.org/wiki/Alpine_A110_(2017)","Alpine","Sportsbil","","18","0","80","Alexander-93","CC BY-SA 4.0","https://creativecommons.org/licenses/by-sa/4.0"
"http://www.wikidata.org/entity/Q2217970","Ascari Ecosse","http://commons.wikimedia.org/wiki/Special:FilePath/Ascari%20Ecosse.jpg","https://no.wikipedia.org/wiki/Ascari_Ecosse","https://no.wikipedia.org/wiki/Ascari_Ecosse","Ascari","Sportsbil","","8","0","7","Darren","CC BY 2.0","https://creativecommons.org/licenses/by/2.0"
"http://www.wikidata.org/entity/Q679039","Ascari KZ1","http://commons.wikimedia.org/wiki/Special:FilePath/Ascari%20KZ1%20II.jpg","https://no.wikipedia.org/wiki/Ascari_KZ1","https://no.wikipedia.org/wiki/Ascari_KZ1","Ascari","Sportsbil","","16","0","6","Darren","CC BY 2.0","https://creativecommons.org/licenses/by/2.0"
"http://www.wikidata.org/entity/Q223599","Aston Martin DB AR1","http://commons.wikimedia.org/wiki/Special:FilePath/Aston%20Martin%20DB%20AR1.jpg","https://no.wikipedia.org/wiki/Aston_Martin_DB_AR1","https://no.wikipedia.org/wiki/Aston_Martin_DB_AR1","Aston Martin","Sportsbil","","12","0","9","","CC BY-SA 2.0","https://creativecommons.org/licenses/by-sa/2.0"
"http://www.wikidata.org/entity/Q2706028","Aston Martin DB Mark III","http://commons.wikimedia.org/wiki/Special:FilePath/1957%20Aston%20Martin%20DB%20Mk%20III%20fr.jpg","https://no.wikipedia.org/wiki/Aston_Martin_DB_Mark_III","https://no.wikipedia.org/wiki/Aston_Martin_DB_Mark_III","Aston Martin","Sportsbil","","11","0","9","Herranderssvensson","CC BY-SA 3.0","https://creativecommons.org/licenses/by-sa/3.0"
"http://www.wikidata.org/entity/Q749767","Aston Martin DB1","http://commons.wikimedia.org/wiki/Special:FilePath/Aston%20Martin%20DB1%2049104357091.jpg","https://no.wikipedia.org/wiki/Aston_Martin_DB1","https://no.wikipedia.org/wiki/Aston_Martin_DB1","Aston Martin","Sportsbil","","18","0","13","Andrew Bone","CC BY 2.0","https://creativecommons.org/licenses/by/2.0"
"http://www.wikidata.org/entity/Q23005955","Aston Martin DB11","http://commons.wikimedia.org/wiki/Special:FilePath/2018%20Aston%20Martin%20DB11%20Auto.jpg","https://no.wikipedia.org/wiki/Aston_Martin_DB11","https://no.wikipedia.org/wiki/Aston_Martin_DB11","Aston Martin","grand tourer","","25","0","28","Calreyn88","CC BY-SA 4.0","https://creativecommons.org/licenses/by-sa/4.0"
"http://www.wikidata.org/entity/Q283346","Aston Martin DB2","http://commons.wikimedia.org/wiki/Special:FilePath/DB2-Vantage-Seite-Vorn.jpg","https://no.wikipedia.org/wiki/Aston_Martin_DB2","https://no.wikipedia.org/wiki/Aston_Martin_DB2","Aston Martin","Sportsbil","","19","0","7","Chilterngreen at German Wikipedia Later version(s) were uploaded by Noddy93 at de.wikipedia . ( Original text: Michael Schäfer )","CC BY-SA 3.0","https://creativecommons.org/licenses/by-sa/3.0/"
"http://www.wikidata.org/entity/Q749805","Aston Martin DB2/4","http://commons.wikimedia.org/wiki/Special:FilePath/Aston%20Martin%20DB2-4.jpg","https://no.wikipedia.org/wiki/Aston_Martin_DB2/4","https://no.wikipedia.org/wiki/Aston_Martin_DB2/4","Aston Martin","Sportsbil","","14","0","8","Herranderssvensson","CC BY-SA 3.0","https://creativecommons.org/licenses/by-sa/3.0"
"http://www.wikidata.org/entity/Q290857","Aston Martin DB4","http://commons.wikimedia.org/wiki/Special:FilePath/Aston%20Martin%20DB%204%2C%20Bj.%201960%20%282008-06-28%29.JPG","https://no.wikipedia.org/wiki/Aston_Martin_DB4","https://no.wikipedia.org/wiki/Aston_Martin_DB4","Aston Martin","Sportsbil","","20","0","26","Lothar Spurzem","CC BY-SA 2.0 de","https://creativecommons.org/licenses/by-sa/2.0/de/deed.en"
"http://www.wikidata.org/entity/Q749853","Aston Martin DB4 GT Zagato","http://commons.wikimedia.org/wiki/Special:FilePath/DB4GT%20Zagato%20at%20Goodwood.jpg","https://no.wikipedia.org/wiki/Aston_Martin_DB4_GT_Zagato","https://no.wikipedia.org/wiki/Aston_Martin_DB4_GT_Zagato","Aston Martin","Sportsbil","","15","0","12","Brian Snelson from Hockley, Essex, England","CC BY 2.0","https://creativecommons.org/licenses/by/2.0"
"http://www.wikidata.org/entity/Q749871","Aston Martin DB5","http://commons.wikimedia.org/wiki/Special:FilePath/1964%20Aston%20Martin%20DB5%20LC23.jpg","https://no.wikipedia.org/wiki/Aston_Martin_DB5","https://no.wikipedia.org/wiki/Aston_Martin_DB5","Aston Martin","grand tourer","","31","1","66","MrWalkr","CC BY-SA 4.0","https://creativecommons.org/licenses/by-sa/4.0"
"http://www.wikidata.org/entity/Q749880","Aston Martin DB6","http://commons.wikimedia.org/wiki/Special:FilePath/Aston%20Martin%20DB6%20Volante%20%2865405%29.jpg","https://no.wikipedia.org/wiki/Aston_Martin_DB6","https://no.wikipedia.org/wiki/Aston_Martin_DB6","Aston Martin","grand tourer","","17","0","28","Calreyn88","CC BY-SA 4.0","https://creativecommons.org/licenses/by-sa/4.0"
"http://www.wikidata.org/entity/Q507385","Aston Martin DB7","http://commons.wikimedia.org/wiki/Special:FilePath/1997%20Aston%20Martin%20DB7%20Auto%202.jpg","https://no.wikipedia.org/wiki/Aston_Martin_DB7","https://no.wikipedia.org/wiki/Aston_Martin_DB7","Aston Martin","Sportsbil","","21","0","0","Calreyn88","CC BY-SA 4.0","https://creativecommons.org/licenses/by-sa/4.0"
"http://www.wikidata.org/entity/Q749935","Aston Martin DB9","http://commons.wikimedia.org/wiki/Special:FilePath/2007%20Aston%20Martin%20DB9%20Volante%20Auto.jpg","https://no.wikipedia.org/wiki/Aston_Martin_DB9","https://no.wikipedia.org/wiki/Aston_Martin_DB9","Aston Martin","Sportsbil","","28","0","82","Calreyn88","CC BY-SA 4.0","https://creativecommons.org/licenses/by-sa/4.0"
"http://www.wikidata.org/entity/Q181496","Aston Martin DBS","http://commons.wikimedia.org/wiki/Special:FilePath/AstonMartinDB-S-1969-avant.jpg","https://no.wikipedia.org/wiki/Aston_Martin_DBS","https://no.wikipedia.org/wiki/Aston_Martin_DBS","Aston Martin","Sportsbil","","19","0","17","Rundvald","Public domain",""
"http://www.wikidata.org/entity/Q204633","Aston Martin DBS V12","http://commons.wikimedia.org/wiki/Special:FilePath/2008%20Aston%20Martin%20DBS%20V12%20Coupe%20%2825819693093%29.jpg","https://no.wikipedia.org/wiki/Aston_Martin_DBS_V12","https://no.wikipedia.org/wiki/Aston_Martin_DBS_V12","Aston Martin","Sportsbil","","24","0","24","Sicnag","CC BY 2.0","https://creativecommons.org/licenses/by/2.0"
"http://www.wikidata.org/entity/Q750019","Aston Martin V12 Vanquish","http://commons.wikimedia.org/wiki/Special:FilePath/Aston%20Martin%20Vanquish%20%282024%29%20DSC%207892.jpg","https://no.wikipedia.org/wiki/Aston_Martin_V12_Vanquish","https://no.wikipedia.org/wiki/Aston_Martin_V12_Vanquish","Aston Martin","Sportsbil","","25","0","32","Alexander Migl","CC BY-SA 4.0","https://creativecommons.org/licenses/by-sa/4.0"
"http://www.wikidata.org/entity/Q510849","Aston Martin V8","http://commons.wikimedia.org/wiki/Special:FilePath/1978%20Aston%20Martin%20V8%20%28Series%203%29%205340%20cc%20at%20Horsham%20English%20Festival%202018%20a.jpg","https://no.wikipedia.org/wiki/Aston_Martin_V8","https://no.wikipedia.org/wiki/Aston_Martin_V8","Aston Martin","grand tourer","","17","0","57","Acabashi","CC BY-SA 4.0","https://creativecommons.org/licenses/by-sa/4.0"
"http://www.wikidata.org/entity/Q750039","Aston Martin V8 Vantage (2005)","http://commons.wikimedia.org/wiki/Special:FilePath/Aston%20Martin%20V8%20Vantage%20Roadster%20IMG%208846%20%28cropped%29.jpg","https://no.wikipedia.org/wiki/Aston_Martin_V8_Vantage_(2005)","https://no.wikipedia.org/wiki/Aston_Martin_V8_Vantage_(2005)","Aston Martin","Sportsbil","","26","0","37","Alexander-93","CC BY-SA 4.0","https://creativecommons.org/licenses/by-sa/4.0"
"http://www.wikidata.org/entity/Q28402601","Aston Martin Valkyrie","http://commons.wikimedia.org/wiki/Special:FilePath/2019%20Aston%20Martin%20Valkyrie%20AMR%20Pro%206.5%20Front.jpg","https://no.wikipedia.org/wiki/Aston_Martin_Valkyrie","https://no.wikipedia.org/wiki/Aston_Martin_Valkyrie","Aston Martin","superbil","","21","0","70","Vauxford","CC BY-SA 4.0","https://creativecommons.org/licenses/by-sa/4.0"
"http://www.wikidata.org/entity/Q750050","Aston Martin Vantage","http://commons.wikimedia.org/wiki/Special:FilePath/Aston-Martin%20Vantage%20%281973%29%20%2834328531642%29.jpg","https://no.wikipedia.org/wiki/Aston_Martin_Vantage","https://no.wikipedia.org/wiki/Aston_Martin_Vantage","Aston Martin","grand tourer","","13","0","30","Andrew Bone from Weymouth, England","CC BY 2.0","https://creativecommons.org/licenses/by/2.0"
"http://www.wikidata.org/entity/Q43452497","Aston Martin Vantage (2018)","http://commons.wikimedia.org/wiki/Special:FilePath/Aston%20Martin%20Vantage%20%282024%29%20IMG%200002.jpg","https://no.wikipedia.org/wiki/Aston_Martin_Vantage_(2018)","https://no.wikipedia.org/wiki/Aston_Martin_Vantage_(2018)","Aston Martin","Sportsbil","","13","0","14","Alexander-93","CC BY-SA 4.0","https://creativecommons.org/licenses/by-sa/4.0"
"http://www.wikidata.org/entity/Q750056","Aston Martin Virage","http://commons.wikimedia.org/wiki/Special:FilePath/Aston%20Martin%20Virage.jpg","https://no.wikipedia.org/wiki/Aston_Martin_Virage","https://no.wikipedia.org/wiki/Aston_Martin_Virage","Aston Martin","grand tourer","","19","0","22","Ben from Weert, Netherlands; cropped by uploader Mr.choppers","CC BY 2.0","https://creativecommons.org/licenses/by/2.0"
"http://www.wikidata.org/entity/Q275632","Audi S2","http://commons.wikimedia.org/wiki/Special:FilePath/Audi%20S2%20green.jpg","https://no.wikipedia.org/wiki/Audi_S2","https://no.wikipedia.org/wiki/Audi_S2","Audi","Sportsbil","","15","0","75","Dbanes at English Wikipedia","Public domain",""
"http://www.wikidata.org/entity/Q2453030","Bentley 4½ Litre","http://commons.wikimedia.org/wiki/Special:FilePath/Bentley%204%C2%BD%20Litre%20-%2020090924.jpg","https://no.wikipedia.org/wiki/Bentley_4%C2%BD_Litre","https://no.wikipedia.org/wiki/Bentley_4%C2%BD_Litre","Bentley","Sportsbil","","17","1","11","Sémhur","CC BY-SA 4.0","https://creativecommons.org/licenses/by-sa/4.0"
"http://www.wikidata.org/entity/Q4919450","Bizzarrini Europa","http://commons.wikimedia.org/wiki/Special:FilePath/Bizzarrini%201900%20GT%20Europa.jpg","https://no.wikipedia.org/wiki/Bizzarrini_Europa","https://no.wikipedia.org/wiki/Bizzarrini_Europa","Bizzarrini","grand tourer","1966-01-01T00:00:00Z","4","0","10","LivornoDP","CC BY-SA 3.0","https://creativecommons.org/licenses/by-sa/3.0"
"http://www.wikidata.org/entity/Q463461","Blitzen Benz","http://commons.wikimedia.org/wiki/Special:FilePath/Paris%20-%20Retromobile%202013%20-%20Blitzen%20Benz%20-%201909%20-%20006.jpg","https://no.wikipedia.org/wiki/Blitzen_Benz","https://no.wikipedia.org/wiki/Blitzen_Benz","Benz & Cie.","Sportsbil","","16","1","13","Thesupermat","CC BY-SA 3.0","https://creativecommons.org/licenses/by-sa/3.0"
"http://www.wikidata.org/entity/Q796403","BMW 328","http://commons.wikimedia.org/wiki/Special:FilePath/Bmw%20328.jpg","https://no.wikipedia.org/wiki/BMW_328","https://no.wikipedia.org/wiki/BMW_328","BMW","Sportsbil","","22","0","36","Softeis","CC BY-SA 3.0","https://creativecommons.org/licenses/by-sa/3.0/"
"http://www.wikidata.org/entity/Q796414","BMW 507","http://commons.wikimedia.org/wiki/Special:FilePath/BMW%20507.jpg","https://no.wikipedia.org/wiki/BMW_507","https://no.wikipedia.org/wiki/BMW_507","BMW","grand tourer","","22","1","34","Stefan Krause, Germany","CC BY-SA 3.0","https://creativecommons.org/licenses/by-sa/3.0"
"http://www.wikidata.org/entity/Q796481","BMW E9","http://commons.wikimedia.org/wiki/Special:FilePath/BMW%203.0%20CSL%201X7A7215.jpg","https://no.wikipedia.org/wiki/BMW_E9","https://no.wikipedia.org/wiki/BMW_E9","BMW","Sportsbil","","20","0","120","Alexander-93","CC BY-SA 4.0","https://creativecommons.org/licenses/by-sa/4.0"
"http://www.wikidata.org/entity/Q796799","BMW i8","http://commons.wikimedia.org/wiki/Special:FilePath/BMW%20i8%20%28I12%29%20Washington%20DC%20Metro%20Area%2C%20USA.jpg","https://no.wikipedia.org/wiki/BMW_i8","https://no.wikipedia.org/wiki/BMW_i8","BMW","Sportsbil","","36","0","194","OWS Photography","CC BY 4.0","https://creativecommons.org/licenses/by/4.0"
"http://www.wikidata.org/entity/Q796574","BMW M1","http://commons.wikimedia.org/wiki/Special:FilePath/1979%20BMW%20M1%20Procar.jpg","https://no.wikipedia.org/wiki/BMW_M1","https://no.wikipedia.org/wiki/BMW_M1","BMW","Sportsbil","","32","1","112","Calreyn88","CC BY-SA 4.0","https://creativecommons.org/licenses/by-sa/4.0"
"http://www.wikidata.org/entity/Q796601","BMW M6","http://commons.wikimedia.org/wiki/Special:FilePath/BMW%20M6%20%2850419%29.jpg","https://no.wikipedia.org/wiki/BMW_M6","https://no.wikipedia.org/wiki/BMW_M6","BMW","grand tourer","","29","0","46","Calreyn88","CC BY-SA 4.0","https://creativecommons.org/licenses/by-sa/4.0"
"http://www.wikidata.org/entity/Q796803","BMW Z8","http://commons.wikimedia.org/wiki/Special:FilePath/Bmwz8.JPG","https://no.wikipedia.org/wiki/BMW_Z8","https://no.wikipedia.org/wiki/BMW_Z8","BMW","grand tourer","","28","0","66","Jagvar","Public domain",""
"http://www.wikidata.org/entity/Q891675","Bolwell Nagari","http://commons.wikimedia.org/wiki/Special:FilePath/Bolwell%20Nagari%20%2814792341560%29.jpg","https://no.wikipedia.org/wiki/Bolwell_Nagari","https://no.wikipedia.org/wiki/Bolwell_Nagari","Bolwell","Sportsbil","","8","0","5","Jeremy from Sydney, Australia","CC BY 2.0","https://creativecommons.org/licenses/by/2.0"
"http://www.wikidata.org/entity/Q66587547","Bugatti Centodieci","http://commons.wikimedia.org/wiki/Special:FilePath/2022%20Bugatti%20Centodieci%20in%20Grigio%20Chiaro%2C%20front%20right2.jpg","https://no.wikipedia.org/wiki/Bugatti_Centodieci","https://no.wikipedia.org/wiki/Bugatti_Centodieci","Bugatti","superbil","","21","0","63","Mr.choppers","CC BY-SA 3.0","https://creativecommons.org/licenses/by-sa/3.0"
"http://www.wikidata.org/entity/Q19947779","Bugatti Chiron","http://commons.wikimedia.org/wiki/Special:FilePath/Bugatti%20Chiron%202017.jpg","https://no.wikipedia.org/wiki/Bugatti_Chiron","https://no.wikipedia.org/wiki/Bugatti_Chiron","Bugatti","superbil","","36","0","174","MrWalkr","CC BY-SA 4.0","https://creativecommons.org/licenses/by-sa/4.0"
"http://www.wikidata.org/entity/Q731408","Bugatti EB110","http://commons.wikimedia.org/wiki/Special:FilePath/1993%20Bugatti%20EB110%20GT%20in%20Grigio%20Scuro%2C%20front%20left%20%28Miller%29.jpg","https://no.wikipedia.org/wiki/Bugatti_EB110","https://no.wikipedia.org/wiki/Bugatti_EB110","Bugatti Automobili","superbil","","27","0","42","Mr.choppers","CC BY-SA 4.0","https://creativecommons.org/licenses/by-sa/4.0"
"http://www.wikidata.org/entity/Q61986597","Bugatti La Voiture Noire","http://commons.wikimedia.org/wiki/Special:FilePath/Bugatti%20La%20Voiture%20Noire-CAERM2019.jpg","https://no.wikipedia.org/wiki/Bugatti_La_Voiture_Noire","https://no.wikipedia.org/wiki/Bugatti_La_Voiture_Noire","Bugatti","superbil","","13","0","52","Y.Leclercq©","CC BY-SA 4.0","https://creativecommons.org/licenses/by-sa/4.0"
"http://www.wikidata.org/entity/Q126789787","Bugatti Tourbillon","http://commons.wikimedia.org/wiki/Special:FilePath/2024%20Bugatti%20Tourbillon%2014.jpg","https://no.wikipedia.org/wiki/Bugatti_Tourbillon","https://no.wikipedia.org/wiki/Bugatti_Tourbillon","Bugatti","Sportsbil","","18","0","47","Calreyn88","CC BY-SA 4.0","https://creativecommons.org/licenses/by-sa/4.0"
"http://www.wikidata.org/entity/Q172610","Bugatti Veyron","http://commons.wikimedia.org/wiki/Special:FilePath/Bugatti%20Veyron%2016.4%20%E2%80%93%20Frontansicht%20%283%29%2C%205.%20April%202012%2C%20D%C3%BCsseldorf.jpg","https://no.wikipedia.org/wiki/Bugatti_Veyron","https://no.wikipedia.org/wiki/Bugatti_Veyron","Bugatti","Sportsbil","","64","1","264","M 93","CC BY-SA 3.0 de","https://creativecommons.org/licenses/by-sa/3.0/de/deed.en"
"http://www.wikidata.org/entity/Q56166","Chevrolet Corvette","http://commons.wikimedia.org/wiki/Special:FilePath/2023%20Chevrolet%20Corvette%20Z06%203LZ%20Convertible%20%2852803363083%29.jpg","https://nn.wikipedia.org/wiki/Chevrolet_Corvette","https://no.wikipedia.org/wiki/Chevrolet_Corvette","General Motors","Sportsbil","","39","1","330","Greg Gjerdingen from Willmar, USA","CC BY 2.0","https://creativecommons.org/licenses/by/2.0"
"http://www.wikidata.org/entity/Q1093694","Citroën SM","http://commons.wikimedia.org/wiki/Special:FilePath/Citroen-SM-bleu-platine-av-byRundvald.jpg","https://no.wikipedia.org/wiki/Citro%C3%ABn_SM","https://no.wikipedia.org/wiki/Citro%C3%ABn_SM","Peugeot","grand tourer","","26","1","148","Rundvald","CC BY-SA 4.0","https://creativecommons.org/licenses/by-sa/4.0"
"http://www.wikidata.org/entity/Q1180375","De Tomaso Guarà","http://commons.wikimedia.org/wiki/Special:FilePath/Guara%202.jpg","https://no.wikipedia.org/wiki/De_Tomaso_Guar%C3%A0","https://no.wikipedia.org/wiki/De_Tomaso_Guar%C3%A0","De Tomaso","Sportsbil","","18","0","35","photo","Public domain",""
"http://www.wikidata.org/entity/Q1180376","De Tomaso Longchamp","http://commons.wikimedia.org/wiki/Special:FilePath/DeTomaso%20Longchamp.jpg","https://no.wikipedia.org/wiki/De_Tomaso_Longchamp","https://no.wikipedia.org/wiki/De_Tomaso_Longchamp","De Tomaso","Sportsbil","","12","0","31","en:user:TorW","CC BY-SA 3.0","https://creativecommons.org/licenses/by-sa/3.0/"
"http://www.wikidata.org/entity/Q1180388","De Tomaso Mangusta","http://commons.wikimedia.org/wiki/Special:FilePath/DeTomaso%20Mangusta.jpg","https://no.wikipedia.org/wiki/De_Tomaso_Mangusta","https://no.wikipedia.org/wiki/De_Tomaso_Mangusta","De Tomaso","Sportsbil","","18","0","54","Gonzalo de Velasco","CC BY-SA 3.0","https://creativecommons.org/licenses/by-sa/3.0"
"http://www.wikidata.org/entity/Q1180394","De Tomaso Pantera","http://commons.wikimedia.org/wiki/Special:FilePath/De%20Tomaso%20Pantera%20GT5-S.jpg","https://no.wikipedia.org/wiki/De_Tomaso_Pantera","https://no.wikipedia.org/wiki/De_Tomaso_Pantera","De Tomaso","Sportsbil","","21","1","146","TTTNIS","CC0","https://creativecommons.org/publicdomain/zero/1.0/deed.en"
"http://www.wikidata.org/entity/Q264646","De Tomaso Vallelunga","http://commons.wikimedia.org/wiki/Special:FilePath/Gaisbergrennen%202009%20Bergfahrt%20142.jpg","https://no.wikipedia.org/wiki/De_Tomaso_Vallelunga","https://no.wikipedia.org/wiki/De_Tomaso_Vallelunga","De Tomaso","Sportsbil","","16","0","20","User:MatthiasKabel","CC BY-SA 3.0","https://creativecommons.org/licenses/by-sa/3.0"
"http://www.wikidata.org/entity/Q370524","DeLorean DMC-12","http://commons.wikimedia.org/wiki/Special:FilePath/Delorean%20DMC-12%20side.jpg","https://no.wikipedia.org/wiki/DeLorean_DMC-12","https://no.wikipedia.org/wiki/DeLorean_DMC-12","DeLorean Motor Company","Sportsbil","1981-01-01T00:00:00Z","37","1","347","Kevin Abato , www.grenexmedia.com","CC BY-SA 3.0","https://creativecommons.org/licenses/by-sa/3.0/"
"http://www.wikidata.org/entity/Q644430","Dodge Viper","http://commons.wikimedia.org/wiki/Special:FilePath/1994%20Dodge%20Viper%20%28SR%20I%29%20Classic-Gala%202025%20DSC%200942.jpg","https://no.wikipedia.org/wiki/Dodge_Viper","https://no.wikipedia.org/wiki/Dodge_Viper","Stellantis North America","muskelbil","","34","0","155","Alexander Migl","CC BY-SA 4.0","https://creativecommons.org/licenses/by-sa/4.0"
"http://www.wikidata.org/entity/Q269880","Enzo Ferrari (bilmodell)","http://commons.wikimedia.org/wiki/Special:FilePath/Orange%20Enzo%20Ferrari%20%287191948164%29.jpg","https://no.wikipedia.org/wiki/Enzo_Ferrari_(bilmodell)","https://no.wikipedia.org/wiki/Enzo_Ferrari_(bilmodell)","Ferrari","superbil","","42","0","88","Axion23","CC BY 2.0","https://creativecommons.org/licenses/by/2.0"
"http://www.wikidata.org/entity/Q125758337","Ferrari 12Cilindri","http://commons.wikimedia.org/wiki/Special:FilePath/2024%20Ferrari%2012%20Cilindri.jpg","https://no.wikipedia.org/wiki/Ferrari_12Cilindri","https://no.wikipedia.org/wiki/Ferrari_12Cilindri","Ferrari","Sportsbil","","19","0","46","TTTNIS","CC0","https://creativecommons.org/publicdomain/zero/1.0/deed.en"
"http://www.wikidata.org/entity/Q1407637","Ferrari 275","http://commons.wikimedia.org/wiki/Special:FilePath/R%C3%A9tromobile%202011%20-%20Ferrari%20275%20GTB%20-%20006.jpg","https://no.wikipedia.org/wiki/Ferrari_275","https://no.wikipedia.org/wiki/Ferrari_275","Ferrari","Sportsbil","","18","0","14","Thesupermat","CC BY-SA 3.0","https://creativecommons.org/licenses/by-sa/3.0"
"http://www.wikidata.org/entity/Q107324636","Ferrari 296 GTB","http://commons.wikimedia.org/wiki/Special:FilePath/Ferrari%20296%20GTB%20DSC%206997.jpg","https://no.wikipedia.org/wiki/Ferrari_296_GTB","https://no.wikipedia.org/wiki/Ferrari_296_GTB","Ferrari","Sportsbil","","19","0","102","Alexander Migl","CC BY-SA 4.0","https://creativecommons.org/licenses/by-sa/4.0"
"http://www.wikidata.org/entity/Q1407659","Ferrari 308 GTB","http://commons.wikimedia.org/wiki/Special:FilePath/Ferrari%20308GTB%20Lightweight%20%281976%29%20-%2014453314104%20%28cropped%29.jpg","https://no.wikipedia.org/wiki/Ferrari_308","https://no.wikipedia.org/wiki/Ferrari_308","Ferrari","Sportsbil","","25","0","82","Original: Steve Glover from Bolton, Lancs., England / Derivative work: Danyele","CC BY 2.0","https://creativecommons.org/licenses/by/2.0"
"http://www.wikidata.org/entity/Q117235","Ferrari 360","http://commons.wikimedia.org/wiki/Special:FilePath/Ferrari360.JPG","https://no.wikipedia.org/wiki/Ferrari_360","https://no.wikipedia.org/wiki/Ferrari_360","Ferrari","Sportsbil","","35","0","61","Buttonfreak at Dutch Wikipedia","Public domain",""
"http://www.wikidata.org/entity/Q556329","Ferrari 400","http://commons.wikimedia.org/wiki/Special:FilePath/Ferrari%20400%20%281979%29%201X7A6536.jpg","https://no.wikipedia.org/wiki/Ferrari_400","https://no.wikipedia.org/wiki/Ferrari_400","Ferrari","grand tourer","","15","0","32","Alexander-93","CC BY-SA 4.0","https://creativecommons.org/licenses/by-sa/4.0"
"http://www.wikidata.org/entity/Q276396","Ferrari 458","http://commons.wikimedia.org/wiki/Special:FilePath/2011%20Ferrari%20458%20Italia%206.jpg","https://no.wikipedia.org/wiki/Ferrari_458","https://no.wikipedia.org/wiki/Ferrari_458","Ferrari","Sportsbil","","39","0","129","Calreyn88","CC BY 4.0","https://creativecommons.org/licenses/by/4.0"
"http://www.wikidata.org/entity/Q18943721","Ferrari 488","http://commons.wikimedia.org/wiki/Special:FilePath/Ferrari%20488%20GTB%201X7A7211.jpg","https://no.wikipedia.org/wiki/Ferrari_488","https://no.wikipedia.org/wiki/Ferrari_488","Ferrari","Sportsbil","","28","0","107","Alexander-93","CC BY-SA 4.0","https://creativecommons.org/licenses/by-sa/4.0"
"http://www.wikidata.org/entity/Q1324461","Ferrari 575","http://commons.wikimedia.org/wiki/Special:FilePath/Ferrari%20550%20Maranello%20-%20Flick%20-%20Concorso%20Italiano%202005.jpg","https://no.wikipedia.org/wiki/Ferrari_575","https://no.wikipedia.org/wiki/Ferrari_575","Ferrari","grand tourer","","24","0","46","Craig Howell from San Carlos, CA, USA","CC BY 2.0","https://creativecommons.org/licenses/by/2.0"
"http://www.wikidata.org/entity/Q385268","Ferrari 599","http://commons.wikimedia.org/wiki/Special:FilePath/Ferrari599%20A6%201.JPG","https://no.wikipedia.org/wiki/Ferrari_599","https://no.wikipedia.org/wiki/Ferrari_599","Ferrari","grand tourer","","34","0","67","Sovxx","CC BY-SA 3.0","https://creativecommons.org/licenses/by-sa/3.0"
"http://www.wikidata.org/entity/Q951004","Ferrari 612","http://commons.wikimedia.org/wiki/Special:FilePath/Blue%20silver%20Scaglietti.jpg","https://no.wikipedia.org/wiki/Ferrari_612","https://no.wikipedia.org/wiki/Ferrari_612","Ferrari","grand tourer","","25","0","32","Tim Dobbelaere from Ieper, Belgium","CC BY-SA 2.0","https://creativecommons.org/licenses/by-sa/2.0"
"http://www.wikidata.org/entity/Q28790462","Ferrari 812 Superfast","http://commons.wikimedia.org/wiki/Special:FilePath/Ferrari%20812%20Superfast%20IMG%208829.jpg","https://no.wikipedia.org/wiki/Ferrari_812_Superfast","https://no.wikipedia.org/wiki/Ferrari_812_Superfast","Ferrari","Sportsbil","","23","0","63","Alexander-93","CC BY-SA 4.0","https://creativecommons.org/licenses/by-sa/4.0"
"http://www.wikidata.org/entity/Q136214701","Ferrari 849 Testarossa","http://commons.wikimedia.org/wiki/Special:FilePath/2026%20Ferrari%20849%20Testarossa%20Assetto%20Fiorano%20in%20Blu%20Corsa.jpg","https://no.wikipedia.org/wiki/Ferrari_849_Testarossa","https://no.wikipedia.org/wiki/Ferrari_849_Testarossa","Ferrari","Sportsbil","","14","0","42","Andrew Bone from Weymouth, England, UK.","CC BY 4.0","https://creativecommons.org/licenses/by/4.0"
"http://www.wikidata.org/entity/Q136765954","Ferrari Amalfi","http://commons.wikimedia.org/wiki/Special:FilePath/Ferrari%20Amalfi%20%28retouched%29.jpg","https://no.wikipedia.org/wiki/Ferrari_Amalfi","https://no.wikipedia.org/wiki/Ferrari_Amalfi","Ferrari","grand tourer","","14","0","26","Alexandre Prevot (retouched by NearEMPTiness )","CC BY-SA 4.0","https://creativecommons.org/licenses/by-sa/4.0"
"http://www.wikidata.org/entity/Q577917","Ferrari Berlinetta Boxer","http://commons.wikimedia.org/wiki/Special:FilePath/Ferrari%20Berlinetta%20Boxer-terabass.jpg","https://no.wikipedia.org/wiki/Ferrari_Berlinetta_Boxer","https://no.wikipedia.org/wiki/Ferrari_Berlinetta_Boxer","Ferrari","Sportsbil","","21","0","30","Terabass","CC BY-SA 3.0","https://creativecommons.org/licenses/by-sa/3.0"
"http://www.wikidata.org/entity/Q744792","Ferrari California","http://commons.wikimedia.org/wiki/Special:FilePath/Ferrari%20California%20T.jpg","https://no.wikipedia.org/wiki/Ferrari_California","https://no.wikipedia.org/wiki/Ferrari_California","Ferrari","grand tourer","","36","0","20","Calreyn88","CC BY-SA 4.0","https://creativecommons.org/licenses/by-sa/4.0"
"http://www.wikidata.org/entity/Q109655897","Ferrari Daytona SP3","http://commons.wikimedia.org/wiki/Special:FilePath/Ferrari%20Daytona%20SP3%20front%20side%20at%20CF%202022%20%28cropped%29.jpg","https://no.wikipedia.org/wiki/Ferrari_Daytona_SP3","https://no.wikipedia.org/wiki/Ferrari_Daytona_SP3","Ferrari","superbil","","17","0","58","Prova MO","CC BY-SA 4.0","https://creativecommons.org/licenses/by-sa/4.0"
"http://www.wikidata.org/entity/Q976334","Ferrari F12berlinetta","http://commons.wikimedia.org/wiki/Special:FilePath/Ferrari%20F12berlinetta%20IMG%202941.jpg","https://no.wikipedia.org/wiki/Ferrari_F12berlinetta","https://no.wikipedia.org/wiki/Ferrari_F12berlinetta","Ferrari","Sportsbil","","30","0","94","Alexander Migl","CC BY-SA 4.0","https://creativecommons.org/licenses/by-sa/4.0"
"http://www.wikidata.org/entity/Q1146729","Ferrari F355","http://commons.wikimedia.org/wiki/Special:FilePath/Ferrari%20F355%20%288735086047%29%20%28cropped%29.jpg","https://no.wikipedia.org/wiki/Ferrari_F355","https://no.wikipedia.org/wiki/Ferrari_F355","Ferrari","Sportsbil","","31","0","61","Alexandre Prévot from Nancy, France","CC BY-SA 2.0","https://creativecommons.org/licenses/by-sa/2.0"
"http://www.wikidata.org/entity/Q463627","Ferrari F40","http://commons.wikimedia.org/wiki/Special:FilePath/Ferrari%20F40%207.jpg","https://no.wikipedia.org/wiki/Ferrari_F40","https://no.wikipedia.org/wiki/Ferrari_F40","Ferrari","superbil","","40","1","364","Calreyn88","CC BY-SA 4.0","https://creativecommons.org/licenses/by-sa/4.0"
"http://www.wikidata.org/entity/Q239793","Ferrari F430","http://commons.wikimedia.org/wiki/Special:FilePath/Ferrari%20F430%202.jpg","https://no.wikipedia.org/wiki/Ferrari_F430","https://no.wikipedia.org/wiki/Ferrari_F430","Ferrari","Sportsbil","","39","0","71","Cars en travel at Dutch Wikipedia","Public domain",""
"http://www.wikidata.org/entity/Q748461","Ferrari F50","http://commons.wikimedia.org/wiki/Special:FilePath/A%20Ferrari%20F50.jpg","https://no.wikipedia.org/wiki/Ferrari_F50","https://no.wikipedia.org/wiki/Ferrari_F50","Ferrari","superbil","","34","1","62","MrWalkr","CC BY-SA 4.0","https://creativecommons.org/licenses/by-sa/4.0"
"http://www.wikidata.org/entity/Q121072170","Ferrari F8","http://commons.wikimedia.org/wiki/Special:FilePath/2020%20Ferrari%20F8.jpg","https://no.wikipedia.org/wiki/Ferrari_F8","https://no.wikipedia.org/wiki/Ferrari_F8","Ferrari","Sportsbil","","22","0","88","Calreyn88","CC BY-SA 4.0","https://creativecommons.org/licenses/by-sa/4.0"
"http://www.wikidata.org/entity/Q130549590","Ferrari F80","http://commons.wikimedia.org/wiki/Special:FilePath/FerrariF80%20%28resized%29.jpg","https://no.wikipedia.org/wiki/Ferrari_F80","https://no.wikipedia.org/wiki/Ferrari_F80","Ferrari","superbil","","20","0","59","Pauls.127","CC0","https://creativecommons.org/publicdomain/zero/1.0/deed.en"
"http://www.wikidata.org/entity/Q943299","Ferrari FF","http://commons.wikimedia.org/wiki/Special:FilePath/2013%20Ferrari%20FF%2C%20Blu%20TdF%2C%20front%20left.jpg","https://no.wikipedia.org/wiki/Ferrari_FF","https://no.wikipedia.org/wiki/Ferrari_FF","Ferrari","grand tourer","","31","0","42","Mr.choppers","CC BY-SA 3.0","https://creativecommons.org/licenses/by-sa/3.0"
"http://www.wikidata.org/entity/Q1000732","Ferrari GT4","http://commons.wikimedia.org/wiki/Special:FilePath/Ferrari%20Dino%20308%20GT4%20%281978%29%20Solitude%20Revival%202022%201X7A0131.jpg","https://no.wikipedia.org/wiki/Ferrari_GT4","https://no.wikipedia.org/wiki/Ferrari_GT4","Ferrari","Sportsbil","","19","0","14","Alexander Migl","CC BY-SA 4.0","https://creativecommons.org/licenses/by-sa/4.0"
"http://www.wikidata.org/entity/Q22673219","Ferrari GTC4Lusso","http://commons.wikimedia.org/wiki/Special:FilePath/Ferrari%20GTC4Lusso%20IMG%203517.jpg","https://no.wikipedia.org/wiki/Ferrari_GTC4Lusso","https://no.wikipedia.org/wiki/Ferrari_GTC4Lusso","Ferrari","grand tourer","","18","0","42","Alexander Migl","CC BY-SA 4.0","https://creativecommons.org/licenses/by-sa/4.0"
"http://www.wikidata.org/entity/Q176152","Ferrari GTO","http://commons.wikimedia.org/wiki/Special:FilePath/FerrariGTO.jpg","https://no.wikipedia.org/wiki/Ferrari_288_GTO","https://no.wikipedia.org/wiki/Ferrari_288_GTO","Ferrari","superbil","","32","0","43","Karrmann","CC BY-SA 3.0","https://creativecommons.org/licenses/by-sa/3.0/"
"http://www.wikidata.org/entity/Q268935","Ferrari Mondial","http://commons.wikimedia.org/wiki/Special:FilePath/1978%20Ferrari%20Mondial%20shipped%20to%20Cape%20Town%2C%20South%20Africa%20by%20Wavecrest%20Ltd%2C%20Gravesend%2C%20Kent%20-%2023%20August%202011.jpg","https://no.wikipedia.org/wiki/Ferrari_Mondial","https://no.wikipedia.org/wiki/Ferrari_Mondial","Ferrari","grand tourer","","18","0","32","Glen Humble","CC BY 2.0","https://creativecommons.org/licenses/by/2.0"
"http://www.wikidata.org/entity/Q56669338","Ferrari Monza SP","http://commons.wikimedia.org/wiki/Special:FilePath/Paris%20Motor%20Show%202018%2C%20Paris%20%281Y7A0817%29.jpg","https://no.wikipedia.org/wiki/Ferrari_Monza_SP","https://no.wikipedia.org/wiki/Ferrari_Monza_SP","Ferrari","Sportsbil","","17","0","40","Matti Blume","CC BY-SA 4.0","https://creativecommons.org/licenses/by-sa/4.0"
"http://www.wikidata.org/entity/Q830375","Ferrari Testarossa","http://commons.wikimedia.org/wiki/Special:FilePath/Ferrari%20Testarossa%2001.jpg","https://no.wikipedia.org/wiki/Ferrari_Testarossa","https://no.wikipedia.org/wiki/Ferrari_Testarossa","Ferrari","Sportsbil","","30","1","159","TTTNIS","Public domain",""
"http://www.wikidata.org/entity/Q21529621","Fiat 124 Spider","http://commons.wikimedia.org/wiki/Special:FilePath/2016%20Fiat%20124%20Spider%20Lusso%2B%201.4%20Front.jpg","https://no.wikipedia.org/wiki/Fiat_124_Spider","https://no.wikipedia.org/wiki/Fiat_124_Spider","Fiat","roadster","","21","0","64","Vauxford","CC BY-SA 4.0","https://creativecommons.org/licenses/by-sa/4.0"
"http://www.wikidata.org/entity/Q1410513","Fiat 8V","http://commons.wikimedia.org/wiki/Special:FilePath/1955FiatV8BerlinettaCoupe.jpg","https://no.wikipedia.org/wiki/Fiat_8V","https://no.wikipedia.org/wiki/Fiat_8V","Fiat","Sportsbil","","18","0","24","uzvards","CC BY-SA 2.0","https://creativecommons.org/licenses/by-sa/2.0"
"http://www.wikidata.org/entity/Q1123868","Fiat Coupé","http://commons.wikimedia.org/wiki/Special:FilePath/Fiat%20Coup%C3%A9%20front%2020090604.jpg","https://no.wikipedia.org/wiki/Fiat_Coup%C3%A9","https://no.wikipedia.org/wiki/Fiat_Coup%C3%A9","Fiat","Sportsbil","","29","0","80","Rudolf Stricker","Attribution",""
"http://www.wikidata.org/entity/Q964034","Fiat Dino","http://commons.wikimedia.org/wiki/Special:FilePath/Fiat%20Dino%202400%20Bertone%202.jpg","https://no.wikipedia.org/wiki/Fiat_Dino","https://no.wikipedia.org/wiki/Fiat_Dino","Fiat","Sportsbil","","18","0","65","ChiemseeMan","Public domain",""
"http://www.wikidata.org/entity/Q669666","Fiat X1/9","http://commons.wikimedia.org/wiki/Special:FilePath/Fiat%20X1-9%2C%20Bj.%201977%20%282018-06-03%20Sp%20r%29.JPG","https://no.wikipedia.org/wiki/Fiat_X1/9","https://no.wikipedia.org/wiki/Fiat_X1/9","Fiat","Sportsbil","","23","0","73","Lothar Spurzem","CC BY-SA 2.0 de","https://creativecommons.org/licenses/by-sa/2.0/de/deed.en"
"http://www.wikidata.org/entity/Q750788","Ford GT","http://commons.wikimedia.org/wiki/Special:FilePath/Ford%20GT%20%281st%20generation%29%20coupes%20Motorworld%20Munich%201X7A0045.jpg","https://no.wikipedia.org/wiki/Ford_GT","https://no.wikipedia.org/wiki/Ford_GT","Ford Motor Company","superbil","","30","1","115","Alexander-93","CC BY-SA 4.0","https://creativecommons.org/licenses/by-sa/4.0"
"http://www.wikidata.org/entity/Q1133834","Ford Thunderbird","http://commons.wikimedia.org/wiki/Special:FilePath/1957%20Ford%20Thunderbird%20%2828911503716%29%20%28cropped%29.jpg","https://no.wikipedia.org/wiki/Ford_Thunderbird","https://no.wikipedia.org/wiki/Ford_Thunderbird","Ford Motor Company","Sportsbil","","29","1","186","Greg Gjerdingen from Willmar, USA","CC BY 2.0","https://creativecommons.org/licenses/by/2.0"
"http://www.wikidata.org/entity/Q748126","Honda NSX","http://commons.wikimedia.org/wiki/Special:FilePath/Honda%20NSX%20%284AA-NC1%29.jpg","https://no.wikipedia.org/wiki/Honda_NSX","https://no.wikipedia.org/wiki/Honda_NSX","Honda","Sportsbil","","31","1","149","Tokumeigakarinoaoshima","CC BY-SA 4.0","https://creativecommons.org/licenses/by-sa/4.0"
"http://www.wikidata.org/entity/Q923426","Iso Grifo","http://commons.wikimedia.org/wiki/Special:FilePath/Iso%20grifo.jpg","https://no.wikipedia.org/wiki/Iso_Grifo","https://no.wikipedia.org/wiki/Iso_Grifo","Iso Rivolta","Sportsbil","","15","0","50","Sottotono","CC BY-SA 3.0","https://creativecommons.org/licenses/by-sa/3.0/"
"http://www.wikidata.org/entity/Q249303","Jaguar E-type","http://commons.wikimedia.org/wiki/Special:FilePath/Ol%20car06a.JPG","https://no.wikipedia.org/wiki/Jaguar_E-Type","https://no.wikipedia.org/wiki/Jaguar_E-Type","Jaguar","Sportsbil","","29","1","140","Tedmek","Public domain",""
"http://www.wikidata.org/entity/Q1678497","Jaguar F-Type","http://commons.wikimedia.org/wiki/Special:FilePath/2021%20Jaguar%20F-Type%20R-Dynamic%20facelift.jpg","https://no.wikipedia.org/wiki/Jaguar_F-Type","https://no.wikipedia.org/wiki/Jaguar_F-Type","Jaguar Land Rover","Sportsbil","","28","0","90","Liam Walker","CC BY-SA 4.0","https://creativecommons.org/licenses/by-sa/4.0"
"http://www.wikidata.org/entity/Q965952","Jaguar XK","http://commons.wikimedia.org/wiki/Special:FilePath/Jaguar%20X150%20front%2020080223.jpg","https://no.wikipedia.org/wiki/Jaguar_XK","https://no.wikipedia.org/wiki/Jaguar_XK","Jaguar","grand tourer","","23","0","84","Rudolf Stricker","CC BY-SA 3.0","https://creativecommons.org/licenses/by-sa/3.0/"
"http://www.wikidata.org/entity/Q1687448","Jensen Interceptor","http://commons.wikimedia.org/wiki/Special:FilePath/1971%20Jensen%20Interceptor%20MkII%2C%20front%20left%20%28USA%29.jpg","https://no.wikipedia.org/wiki/Jensen_Interceptor","https://no.wikipedia.org/wiki/Jensen_Interceptor","Jensen","grand tourer","","15","0","322","Mr.choppers","CC BY-SA 3.0","https://creativecommons.org/licenses/by-sa/3.0"
"http://www.wikidata.org/entity/Q1147816","Koenigsegg CCR","http://commons.wikimedia.org/wiki/Special:FilePath/Koenigsegg-CCR-%2704.jpg","https://no.wikipedia.org/wiki/Koenigsegg_CCR","https://no.wikipedia.org/wiki/Koenigsegg_CCR","Koenigsegg","superbil","","22","0","14","","Public domain",""
"http://www.wikidata.org/entity/Q635891","Koenigsegg CCX","http://commons.wikimedia.org/wiki/Special:FilePath/Purple%20Koenigsegg%20CCX%20fl.jpg","https://no.wikipedia.org/wiki/Koenigsegg_CCX","https://no.wikipedia.org/wiki/Koenigsegg_CCX","Koenigsegg","superbil","","25","0","17","Trubble","CC BY-SA 2.0","https://creativecommons.org/licenses/by-sa/2.0"
"http://www.wikidata.org/entity/Q15894547","Koenigsegg One:1","http://commons.wikimedia.org/wiki/Special:FilePath/Koenigsegg%20One-1%20-%20Gen%C3%A8ve%202014%20-%2001.jpg","https://no.wikipedia.org/wiki/Koenigsegg_One:1","https://no.wikipedia.org/wiki/Koenigsegg_One:1","Koenigsegg","superbil","","15","0","52","Eduardo Parise / eduparise","CC BY 2.0","https://creativecommons.org/licenses/by/2.0"
"http://www.wikidata.org/entity/Q3069684","LaFerrari","http://commons.wikimedia.org/wiki/Special:FilePath/Ferrari%20LaFerrari%20GIMS%202024%201X7A2272.jpg","https://no.wikipedia.org/wiki/LaFerrari","https://no.wikipedia.org/wiki/LaFerrari","Ferrari","superbil","","38","1","136","Alexander-93","CC BY-SA 4.0","https://creativecommons.org/licenses/by-sa/4.0"
"http://www.wikidata.org/entity/Q569269","Lamborghini 350GT","http://commons.wikimedia.org/wiki/Special:FilePath/Lamborghini%20350%20GT%201964.jpg","https://no.wikipedia.org/wiki/Lamborghini_350GT","https://no.wikipedia.org/wiki/Lamborghini_350GT","Lamborghini","Sportsbil","","26","0","76","Simon Davison","CC BY 2.0","https://creativecommons.org/licenses/by/2.0"
"http://www.wikidata.org/entity/Q1140314","Lamborghini 400GT","http://commons.wikimedia.org/wiki/Special:FilePath/400GT.JPG","https://no.wikipedia.org/wiki/Lamborghini_400GT","https://no.wikipedia.org/wiki/Lamborghini_400GT","Lamborghini","grand tourer","","24","0","25","","CC BY-SA 3.0","https://creativecommons.org/licenses/by-sa/3.0/"
"http://www.wikidata.org/entity/Q863812","Lamborghini Countach","http://commons.wikimedia.org/wiki/Special:FilePath/Lamborghini%20Countach%2025th%20Anniversary%20IMG%202994.jpg","https://no.wikipedia.org/wiki/Lamborghini_Countach","https://no.wikipedia.org/wiki/Lamborghini_Countach","Lamborghini","superbil","","37","1","140","Alexander Migl","CC BY-SA 4.0","https://creativecommons.org/licenses/by-sa/4.0"
"http://www.wikidata.org/entity/Q462223","Lamborghini Diablo","http://commons.wikimedia.org/wiki/Special:FilePath/12-10-25-autostadt-wolfsburg-by-RalfR-31.jpg","https://no.wikipedia.org/wiki/Lamborghini_Diablo","https://no.wikipedia.org/wiki/Lamborghini_Diablo","Lamborghini","superbil","","40","1","69","Ralf Roletschek ( talk ) - Infos über Fahrräder auf fahrradmonteur.de","GFDL 1.2","https://www.gnu.org/licenses/old-licenses/fdl-1.2.html"
"http://www.wikidata.org/entity/Q127039","Lamborghini Espada","http://commons.wikimedia.org/wiki/Special:FilePath/Lamborghini%20Espada%20S3.jpg","https://no.wikipedia.org/wiki/Lamborghini_Espada","https://no.wikipedia.org/wiki/Lamborghini_Espada","Lamborghini","grand tourer","","27","0","52","Mobius","Public domain",""
"http://www.wikidata.org/entity/Q152917","Lamborghini Gallardo","http://commons.wikimedia.org/wiki/Special:FilePath/Orange%20Lamborghini%20Gallardo%20LP560%20fl.JPG","https://no.wikipedia.org/wiki/Lamborghini_Gallardo","https://no.wikipedia.org/wiki/Lamborghini_Gallardo","Lamborghini","Sportsbil","","43","0","102","Matti Blume","CC BY 2.0 de","https://creativecommons.org/licenses/by/2.0/de/deed.en"
"http://www.wikidata.org/entity/Q15396270","Lamborghini Huracán","http://commons.wikimedia.org/wiki/Special:FilePath/Lamborghini%20Hurac%C3%A1n%20Tecnica%201X7A7430.jpg","https://no.wikipedia.org/wiki/Lamborghini_Hurac%C3%A1n","https://no.wikipedia.org/wiki/Lamborghini_Hurac%C3%A1n","Lamborghini","Sportsbil","","40","0","70","Alexander-93","CC BY-SA 4.0","https://creativecommons.org/licenses/by-sa/4.0"
"http://www.wikidata.org/entity/Q577851","Lamborghini Islero","http://commons.wikimedia.org/wiki/Special:FilePath/Lamborghini%20Islero%2C%20Techno%20Classica%202018%2C%20Essen%20%28IMG%209696%29.jpg","https://no.wikipedia.org/wiki/Lamborghini_Islero","https://no.wikipedia.org/wiki/Lamborghini_Islero","Lamborghini","Sportsbil","","24","0","46","Matti Blume","CC BY-SA 4.0","https://creativecommons.org/licenses/by-sa/4.0"
"http://www.wikidata.org/entity/Q870541","Lamborghini Jalpa","http://commons.wikimedia.org/wiki/Special:FilePath/Lamborghini%20Jalpa%20%2814534667392%29.jpg","https://no.wikipedia.org/wiki/Lamborghini_Jalpa","https://no.wikipedia.org/wiki/Lamborghini_Jalpa","Lamborghini","Sportsbil","","26","0","49","ilikewaffles11","CC BY 2.0","https://creativecommons.org/licenses/by/2.0"
"http://www.wikidata.org/entity/Q1060937","Lamborghini Jarama","http://commons.wikimedia.org/wiki/Special:FilePath/Lambo%20Jarama.jpg","https://no.wikipedia.org/wiki/Lamborghini_Jarama","https://no.wikipedia.org/wiki/Lamborghini_Jarama","Lamborghini","grand tourer","","23","0","25","Karrmann","CC BY-SA 3.0","https://creativecommons.org/licenses/by-sa/3.0/"
"http://www.wikidata.org/entity/Q850536","Lamborghini Miura","http://commons.wikimedia.org/wiki/Special:FilePath/Lamborghini%20Miura%20P400%20S%20Classic-Days%202022%20DSC%200086.jpg","https://no.wikipedia.org/wiki/Lamborghini_Miura","https://no.wikipedia.org/wiki/Lamborghini_Miura","Lamborghini","superbil","1966-01-01T00:00:00Z","33","1","135","Alexander Migl","CC BY-SA 4.0","https://creativecommons.org/licenses/by-sa/4.0"
"http://www.wikidata.org/entity/Q216757","Lamborghini Murciélago","http://commons.wikimedia.org/wiki/Special:FilePath/2007%20Lamborghini%20Murcielago%203.jpg","https://no.wikipedia.org/wiki/Lamborghini_Murci%C3%A9lago","https://no.wikipedia.org/wiki/Lamborghini_Murci%C3%A9lago","Lamborghini","superbil","","44","0","121","Calreyn88","CC BY-SA 4.0","https://creativecommons.org/licenses/by-sa/4.0"
"http://www.wikidata.org/entity/Q842432","Lamborghini Reventón","http://commons.wikimedia.org/wiki/Special:FilePath/Lamborghini%20Revent%C3%B3n.jpg","https://no.wikipedia.org/wiki/Lamborghini_Revent%C3%B3n","https://no.wikipedia.org/wiki/Lamborghini_Revent%C3%B3n","Lamborghini","Sportsbil","","32","0","41","Taco Ekkel from Amsterdam","CC BY-SA 2.0","https://creativecommons.org/licenses/by-sa/2.0"
"http://www.wikidata.org/entity/Q117309045","Lamborghini Revuelto","http://commons.wikimedia.org/wiki/Special:FilePath/Lamborghini%20Revuelto%20-%202024%20%2854326344793%29.jpg","https://no.wikipedia.org/wiki/Lamborghini_Revuelto","https://no.wikipedia.org/wiki/Lamborghini_Revuelto","Lamborghini","Sportsbil","","22","0","76","John Bauld from Toronto, Canada","CC BY 2.0","https://creativecommons.org/licenses/by/2.0"
"http://www.wikidata.org/entity/Q29078","Lamborghini Sesto Elemento","http://commons.wikimedia.org/wiki/Special:FilePath/Lamborghini%20Sesto%20Elemento%207.jpg","https://no.wikipedia.org/wiki/Lamborghini_Sesto_Elemento","https://no.wikipedia.org/wiki/Lamborghini_Sesto_Elemento","Lamborghini","Sportsbil","","32","0","30","Calreyn88","CC BY-SA 4.0","https://creativecommons.org/licenses/by-sa/4.0"
"http://www.wikidata.org/entity/Q67087185","Lamborghini Sián","http://commons.wikimedia.org/wiki/Special:FilePath/2022%20Lamborghini%20Sian%20FKP%2037.jpg","https://no.wikipedia.org/wiki/Lamborghini_Si%C3%A1n","https://no.wikipedia.org/wiki/Lamborghini_Si%C3%A1n","Lamborghini","Sportsbil","","27","0","69","MrWalkr","CC BY-SA 4.0","https://creativecommons.org/licenses/by-sa/4.0"
"http://www.wikidata.org/entity/Q1060929","Lamborghini Silhouette","http://commons.wikimedia.org/wiki/Special:FilePath/Lamborghini%20Silhouette%20targa%20at%20Classic%20Remise%20Berlin%2C%20front%20right.jpg","https://no.wikipedia.org/wiki/Lamborghini_Silhouette","https://no.wikipedia.org/wiki/Lamborghini_Silhouette","Lamborghini","Sportsbil","","22","0","41","Mr.choppers","CC BY-SA 3.0","https://creativecommons.org/licenses/by-sa/3.0"
"http://www.wikidata.org/entity/Q1051787","Lamborghini Urraco","http://commons.wikimedia.org/wiki/Special:FilePath/Lamborghini%20Urraco%20P111%20%28France%29.jpg","https://no.wikipedia.org/wiki/Lamborghini_Urraco","https://no.wikipedia.org/wiki/Lamborghini_Urraco","Lamborghini","Sportsbil","","24","0","36","Alexandre Prévot from Nancy, France, cropped and lightly altered by uploader Mr.choppers","CC BY-SA 2.0","https://creativecommons.org/licenses/by-sa/2.0"
"http://www.wikidata.org/entity/Q1801839","Lancia Aurelia","http://commons.wikimedia.org/wiki/Special:FilePath/Lancia%20Aurelia%20B12%20in%20Rovigo%20%282%29.jpg","https://no.wikipedia.org/wiki/Lancia_Aurelia","https://no.wikipedia.org/wiki/Lancia_Aurelia","Fiat","grand tourer","","17","0","13","Threecharlie","CC BY-SA 3.0","https://creativecommons.org/licenses/by-sa/3.0"
"http://www.wikidata.org/entity/Q931380","Lancia Stratos","http://commons.wikimedia.org/wiki/Special:FilePath/Lancia%20Stratos%20HF%20001.JPG","https://no.wikipedia.org/wiki/Lancia_Stratos","https://no.wikipedia.org/wiki/Lancia_Stratos","Fiat","Sportsbil","","27","1","57","Tennen-Gas","CC BY-SA 3.0","https://creativecommons.org/licenses/by-sa/3.0/"
"http://www.wikidata.org/entity/Q1341985","Lexus LFA","http://commons.wikimedia.org/wiki/Special:FilePath/2011%20Lexus%20LFA%20White.jpg","https://no.wikipedia.org/wiki/Lexus_LFA","https://no.wikipedia.org/wiki/Lexus_LFA","Toyota Motor Corporation","Sportsbil","","26","1","137","MrWalkr","CC BY-SA 4.0","https://creativecommons.org/licenses/by-sa/4.0"
"http://www.wikidata.org/entity/Q482514","Lotus Elan","http://commons.wikimedia.org/wiki/Special:FilePath/Lotus%20Elan%201992.jpg","https://no.wikipedia.org/wiki/Lotus_Elan","https://no.wikipedia.org/wiki/Lotus_Elan","Lotus","Sportsbil","","21","1","29","Enthusiast at German Wikipedia","Public domain",""
"http://www.wikidata.org/entity/Q106639062","Lotus Emira","http://commons.wikimedia.org/wiki/Special:FilePath/2024%20Lotus%20Emira%20First%20Edition.jpg","https://no.wikipedia.org/wiki/Lotus_Emira","https://no.wikipedia.org/wiki/Lotus_Emira","Lotus Cars","Sportsbil","","19","0","31","Calreyn88","CC BY-SA 4.0","https://creativecommons.org/licenses/by-sa/4.0"
"http://www.wikidata.org/entity/Q572137","Lotus Evora","http://commons.wikimedia.org/wiki/Special:FilePath/2016%20Lotus%20Evora%20400%20Auto.jpg","https://no.wikipedia.org/wiki/Lotus_Evora","https://no.wikipedia.org/wiki/Lotus_Evora","Lotus Cars","Sportsbil","","21","0","35","Calreyn88","CC BY-SA 4.0","https://creativecommons.org/licenses/by-sa/4.0"
"http://www.wikidata.org/entity/Q1322630","Maserati 3200 GT","http://commons.wikimedia.org/wiki/Special:FilePath/Maserati%203200%20GT%20-%20Flickr%20-%20Alexandre%20Pr%C3%A9vot%20%283%29.jpg","https://no.wikipedia.org/wiki/Maserati_3200_GT","https://no.wikipedia.org/wiki/Maserati_3200_GT","Fiat","grand tourer","","22","0","46","Alexandre Prévot from Nancy, France","CC BY-SA 2.0","https://creativecommons.org/licenses/by-sa/2.0"
"http://www.wikidata.org/entity/Q1850430","Maserati 3500 GT","http://commons.wikimedia.org/wiki/Special:FilePath/Maserati%203500%20GT%20front.jpg","https://no.wikipedia.org/wiki/Maserati_3500_GT","https://no.wikipedia.org/wiki/Maserati_3500_GT","Fiat","grand tourer","","17","0","27","Abehn","Public domain",""
"http://www.wikidata.org/entity/Q1907012","Maserati 5000 GT","http://commons.wikimedia.org/wiki/Special:FilePath/Maserati%205000GT.jpg","https://no.wikipedia.org/wiki/Maserati_5000_GT","https://no.wikipedia.org/wiki/Maserati_5000_GT","Fiat","grand tourer","","15","0","18","User Jagvar on en.wikipedia","Public domain",""
"http://www.wikidata.org/entity/Q556825","Maserati A6","http://commons.wikimedia.org/wiki/Special:FilePath/Maserati%20A6G%202000%20Zagato%20white%20vl%20TCE.jpg","https://no.wikipedia.org/wiki/Maserati_A6","https://no.wikipedia.org/wiki/Maserati_A6","Fiat","grand tourer","","13","0","9","Stahlkocher","CC BY-SA 3.0","https://creativecommons.org/licenses/by-sa/3.0/"
"http://www.wikidata.org/entity/Q1352931","Maserati Ghibli","http://commons.wikimedia.org/wiki/Special:FilePath/Maserati%20Ghibli%20I%20Classic-Gala%202021%201X7A0263.jpg","https://no.wikipedia.org/wiki/Maserati_Ghibli","https://no.wikipedia.org/wiki/Maserati_Ghibli","Fiat","grand tourer","","22","0","37","Alexander Migl","CC BY-SA 4.0","https://creativecommons.org/licenses/by-sa/4.0"
"http://www.wikidata.org/entity/Q123038","Maserati GranTurismo","http://commons.wikimedia.org/wiki/Special:FilePath/2024%20Maserati%20GranTurismo%20Trofeo%20in%20Grigio%20Cangiante%2C%20front%20right.jpg","https://no.wikipedia.org/wiki/Maserati_GranTurismo","https://no.wikipedia.org/wiki/Maserati_GranTurismo","Fiat","Sportsbil","","30","0","62","Ethan Llamas","CC BY-SA 4.0","https://creativecommons.org/licenses/by-sa/4.0"
"http://www.wikidata.org/entity/Q1767422","Maserati Indy","http://commons.wikimedia.org/wiki/Special:FilePath/Maserati%20Indy%204700%20Classic-Gala%202025%20DSC%200909.jpg","https://no.wikipedia.org/wiki/Maserati_Indy","https://no.wikipedia.org/wiki/Maserati_Indy","Maserati","grand tourer","","16","0","14","Alexander Migl","CC BY-SA 4.0","https://creativecommons.org/licenses/by-sa/4.0"
"http://www.wikidata.org/entity/Q1851994","Maserati Khamsin","http://commons.wikimedia.org/wiki/Special:FilePath/Maserati%20Khamsin%20brown.jpg","https://no.wikipedia.org/wiki/Maserati_Khamsin","https://no.wikipedia.org/wiki/Maserati_Khamsin","Fiat","Sportsbil","","18","0","31","Brian Snelson","CC BY 2.0","https://creativecommons.org/licenses/by/2.0"
"http://www.wikidata.org/entity/Q389575","Maserati MC12","http://commons.wikimedia.org/wiki/Special:FilePath/Maserati.MC12.JPG","https://no.wikipedia.org/wiki/Maserati_MC12","https://no.wikipedia.org/wiki/Maserati_MC12","Maserati","superbil","","27","0","25","Jbattersby","Public domain",""
"http://www.wikidata.org/entity/Q85846574","Maserati MC20","http://commons.wikimedia.org/wiki/Special:FilePath/Maserati%20MC20%20Cielo%20IAA%202023%201X7A0050.jpg","https://no.wikipedia.org/wiki/Maserati_MC20","https://no.wikipedia.org/wiki/Maserati_MC20","Maserati","Sportsbil","","20","0","30","Alexander-93","CC BY-SA 4.0","https://creativecommons.org/licenses/by-sa/4.0"
"http://www.wikidata.org/entity/Q1907047","Maserati Sebring","http://commons.wikimedia.org/wiki/Special:FilePath/Maserati-3500gti.jpg","https://no.wikipedia.org/wiki/Maserati_Sebring","https://no.wikipedia.org/wiki/Maserati_Sebring","Maserati","grand tourer","","14","0","17","Snowdog","Public domain",""
"http://www.wikidata.org/entity/Q1528403","Maserati Shamal","http://commons.wikimedia.org/wiki/Special:FilePath/Maserati%20Shamal%20Front.jpg","https://no.wikipedia.org/wiki/Maserati_Shamal","https://no.wikipedia.org/wiki/Maserati_Shamal","Fiat","Sportsbil","","14","0","31","JaayJay","Public domain",""
"http://www.wikidata.org/entity/Q127110","Mazda MX-5","http://commons.wikimedia.org/wiki/Special:FilePath/Mazda%20MX-5%20RF%20IMG%207340.jpg","https://no.wikipedia.org/wiki/Mazda_MX-5","https://no.wikipedia.org/wiki/Mazda_MX-5","Mazda","roadster","","26","1","294","Alexander-93","CC BY-SA 4.0","https://creativecommons.org/licenses/by-sa/4.0"
"http://www.wikidata.org/entity/Q861634","Mazda RX-7","http://commons.wikimedia.org/wiki/Special:FilePath/Mazda-rx7-3rd-generation01%20%28cropped%29.jpg","https://no.wikipedia.org/wiki/Mazda_RX-7","https://no.wikipedia.org/wiki/Mazda_RX-7","Mazda","Sportsbil","","33","1","226","Taisyo","CC BY-SA 3.0","https://creativecommons.org/licenses/by-sa/3.0/"
"http://www.wikidata.org/entity/Q520673","Mazda RX-8","http://commons.wikimedia.org/wiki/Special:FilePath/Mazda%20RX-8%20on%20freeway.jpg","https://no.wikipedia.org/wiki/Mazda_RX-8","https://no.wikipedia.org/wiki/Mazda_RX-8","Mazda","Sportsbil","","36","1","107","Fir0002","GFDL 1.2","https://www.gnu.org/licenses/old-licenses/fdl-1.2.html"
"http://www.wikidata.org/entity/Q15770155","McLaren 650S","http://commons.wikimedia.org/wiki/Special:FilePath/The%20frontview%20of%20McLaren%20650S%20Coup%C3%A9%20%28cropped%29.JPG","https://no.wikipedia.org/wiki/McLaren_650S","https://no.wikipedia.org/wiki/McLaren_650S","McLaren Automotive","Sportsbil","","23","0","19","Tokumeigakarinoaoshima","CC BY-SA 4.0","https://creativecommons.org/licenses/by-sa/4.0"
"http://www.wikidata.org/entity/Q3353470","McLaren F1 LM","http://commons.wikimedia.org/wiki/Special:FilePath/McLaren%20F1%20LM.jpg","https://no.wikipedia.org/wiki/McLaren_F1_LM","https://no.wikipedia.org/wiki/McLaren_F1_LM","McLaren Automotive","superbil","","8","0","16","robad0b","CC BY-SA 2.0","https://creativecommons.org/licenses/by-sa/2.0"
"http://www.wikidata.org/entity/Q883066","Melkus RS 1000","http://commons.wikimedia.org/wiki/Special:FilePath/Melkus%20RS%201000%20Classic-Gala%202021%201X7A0093.jpg","https://no.wikipedia.org/wiki/Melkus_RS_1000","https://no.wikipedia.org/wiki/Melkus_RS_1000","Melkus","Sportsbil","","11","0","35","Alexander Migl","CC BY-SA 4.0","https://creativecommons.org/licenses/by-sa/4.0"
"http://www.wikidata.org/entity/Q745023","Mercedes-Benz 300SL","http://commons.wikimedia.org/wiki/Special:FilePath/Mercedes%20300SL%20grijs%20N%C3%BCrburgring%202006%20small.jpg","https://no.wikipedia.org/wiki/Mercedes-Benz_300SL","https://no.wikipedia.org/wiki/Mercedes-Benz_300SL","Daimler-Benz AG","superbil","","30","1","160","Zefke","CC BY-SA 3.0","https://creativecommons.org/licenses/by-sa/3.0"
"http://www.wikidata.org/entity/Q207624","Mercedes-Benz SLR McLaren","http://commons.wikimedia.org/wiki/Special:FilePath/Mercedes-Benz%20SLR%20McLaren%202.jpg","https://no.wikipedia.org/wiki/Mercedes-Benz_SLR_McLaren","https://no.wikipedia.org/wiki/Mercedes-Benz_SLR_McLaren","Daimler AG","superbil","","41","0","117","Cars en travel","Public domain",""
"http://www.wikidata.org/entity/Q476636","Mercedes-Benz SLS AMG","http://commons.wikimedia.org/wiki/Special:FilePath/SLS%20AMG%20Roadster.jpg","https://no.wikipedia.org/wiki/Mercedes-Benz_SLS_AMG","https://no.wikipedia.org/wiki/Mercedes-Benz_SLS_AMG","Daimler AG","Sportsbil","","34","0","99","Stefan Krause, Germany","FAL","https://artlibre.org/licence/lal/en"
"http://www.wikidata.org/entity/Q2531924","Mitsuoka Orochi","http://commons.wikimedia.org/wiki/Special:FilePath/Mitsuoka%20Orochi%20Nude%20Top%20Roadstar.JPG","https://no.wikipedia.org/wiki/Mitsuoka_Orochi","https://no.wikipedia.org/wiki/Mitsuoka_Orochi","Mitsuoka","Sportsbil","","16","0","29","Kim H Yusuke","CC BY-SA 3.0","https://creativecommons.org/licenses/by-sa/3.0/"
"http://www.wikidata.org/entity/Q1724595","Nissan 200SX","http://commons.wikimedia.org/wiki/Special:FilePath/Nissan%20Lucino-Hach%201500BB%20FN15.JPG","https://no.wikipedia.org/wiki/Nissan_200SX","https://no.wikipedia.org/wiki/Nissan_200SX","Nissan","Sportsbil","","12","0","167","DY5W-sport","CC BY-SA 3.0","https://creativecommons.org/licenses/by-sa/3.0"
"http://www.wikidata.org/entity/Q499109","Nissan GT-R","http://commons.wikimedia.org/wiki/Special:FilePath/2025%20Nissan%20GT-R%20Premium%20edition.jpg","https://no.wikipedia.org/wiki/Nissan_GT-R","https://no.wikipedia.org/wiki/Nissan_GT-R","Nissan","superbil","","40","1","191","TTTNIS","CC0","https://creativecommons.org/publicdomain/zero/1.0/deed.en"
"http://www.wikidata.org/entity/Q1128000","Opel GT","http://commons.wikimedia.org/wiki/Special:FilePath/Opel%20GT.JPG","https://no.wikipedia.org/wiki/Opel_GT","https://no.wikipedia.org/wiki/Opel_GT","Opel","Sportsbil","","23","0","65","Thomas doerfer","CC BY-SA 3.0","https://creativecommons.org/licenses/by-sa/3.0/"
"http://www.wikidata.org/entity/Q913055","Opel Speedster","http://commons.wikimedia.org/wiki/Special:FilePath/Opel%20Speedster%20Blue.jpg","https://no.wikipedia.org/wiki/Opel_Speedster","https://no.wikipedia.org/wiki/Opel_Speedster","Opel","Sportsbil","","21","0","78","Apmannen","CC BY-SA 3.0","https://creativecommons.org/licenses/by-sa/3.0/"
"http://www.wikidata.org/entity/Q848965","Pagani Zonda","http://commons.wikimedia.org/wiki/Special:FilePath/Pagani%20Zonda%20C12%20%27chassis%20001%27%20Genf%202019%201Y7A5382.jpg","https://no.wikipedia.org/wiki/Pagani_Zonda","https://no.wikipedia.org/wiki/Pagani_Zonda","Pagani","superbil","","29","1","95","Alexander Migl","CC BY-SA 4.0","https://creativecommons.org/licenses/by-sa/4.0"
"http://www.wikidata.org/entity/Q3141167","Pontiac Trans Am","http://commons.wikimedia.org/wiki/Special:FilePath/PontiacTransAmWS6RamAir.jpg","https://no.wikipedia.org/wiki/Pontiac_Trans_Am","https://no.wikipedia.org/wiki/Pontiac_Trans_Am","Pontiac","Sportsbil","","8","1","155","Brian Snelson","CC BY 2.0","https://creativecommons.org/licenses/by/2.0"
"http://www.wikidata.org/entity/Q596504","Porsche 356","http://commons.wikimedia.org/wiki/Special:FilePath/Porsche%20356%20B%20Classic-Gala%202021%201X7A0119.jpg","https://no.wikipedia.org/wiki/Porsche_356","https://no.wikipedia.org/wiki/Porsche_356","Porsche","Sportsbil","","31","1","134","Alexander Migl","CC BY-SA 4.0","https://creativecommons.org/licenses/by-sa/4.0"
"http://www.wikidata.org/entity/Q219357","Porsche 911","http://commons.wikimedia.org/wiki/Special:FilePath/2025%20Porsche%20992%20Carrera%20convertible%20Auto%20Zuerich%202024%20DSC%206527.jpg","https://no.wikipedia.org/wiki/Porsche_911","https://no.wikipedia.org/wiki/Porsche_911","Porsche","Sportsbil","","55","1","466","Alexander-93","CC BY-SA 4.0","https://creativecommons.org/licenses/by-sa/4.0"
"http://www.wikidata.org/entity/Q1126576","Porsche 912","http://commons.wikimedia.org/wiki/Special:FilePath/Roter%20Porsche%20912%20Baujahr%201968.jpg","https://no.wikipedia.org/wiki/Porsche_912","https://no.wikipedia.org/wiki/Porsche_912","Porsche","Sportsbil","","27","0","83","Rizzo","CC BY-SA 3.0","https://creativecommons.org/licenses/by-sa/3.0/"
"http://www.wikidata.org/entity/Q1347004","Porsche 914","http://commons.wikimedia.org/wiki/Special:FilePath/VW-Porsche%20914%20am%2017.06.2007.jpg","https://no.wikipedia.org/wiki/Porsche_914","https://no.wikipedia.org/wiki/Porsche_914","Volkswagen","Sportsbil","","27","1","83","","CC BY-SA 2.0 de","https://creativecommons.org/licenses/by-sa/2.0/de/deed.en"
"http://www.wikidata.org/entity/Q962317","Porsche 918 Spyder","http://commons.wikimedia.org/wiki/Special:FilePath/Porsche%20918%20Spyder%20IAA%202013.jpg","https://no.wikipedia.org/wiki/Porsche_918_Spyder","https://no.wikipedia.org/wiki/Porsche_918_Spyder","Porsche","superbil","","37","0","64","Thomas Wolf , www.foto-tw.de","CC BY-SA 3.0 de","https://creativecommons.org/licenses/by-sa/3.0/de/deed.en"
"http://www.wikidata.org/entity/Q578057","Porsche 928","http://commons.wikimedia.org/wiki/Special:FilePath/Porsche%20928%20Classic-Days%202022%20DSC%200022.jpg","https://no.wikipedia.org/wiki/Porsche_928","https://no.wikipedia.org/wiki/Porsche_928","Porsche","Sportsbil","","31","1","294","Alexander Migl","CC BY-SA 4.0","https://creativecommons.org/licenses/by-sa/4.0"
"http://www.wikidata.org/entity/Q1125114","Porsche 944","http://commons.wikimedia.org/wiki/Special:FilePath/Porsche%20944%20Frontansicht.jpg","https://no.wikipedia.org/wiki/Porsche_944","https://no.wikipedia.org/wiki/Porsche_944","Porsche","Sportsbil","","31","1","199","Abehn","Public domain",""
"http://www.wikidata.org/entity/Q575937","Porsche 959","http://commons.wikimedia.org/wiki/Special:FilePath/Porsche%20959%20GIMS%202024%201X7A2269.jpg","https://no.wikipedia.org/wiki/Porsche_959","https://no.wikipedia.org/wiki/Porsche_959","Porsche","superbil","","25","1","72","Alexander-93","CC BY-SA 4.0","https://creativecommons.org/licenses/by-sa/4.0"
"http://www.wikidata.org/entity/Q1360380","Porsche 968","http://commons.wikimedia.org/wiki/Special:FilePath/Porsche%20968%20front%2020071004.jpg","https://no.wikipedia.org/wiki/Porsche_968","https://no.wikipedia.org/wiki/Porsche_968","Porsche","Sportsbil","","28","0","121","Rudolf Stricker","CC BY-SA 3.0","https://creativecommons.org/licenses/by-sa/3.0/"
"http://www.wikidata.org/entity/Q463640","Porsche Boxster","http://commons.wikimedia.org/wiki/Special:FilePath/Porsche%20718%20Boxster%20T%20Genf%202019%201Y7A5424.jpg","https://no.wikipedia.org/wiki/Porsche_Boxster","https://no.wikipedia.org/wiki/Porsche_Boxster","Porsche","Sportsbil","","37","0","171","Alexander Migl","CC BY-SA 4.0","https://creativecommons.org/licenses/by-sa/4.0"
"http://www.wikidata.org/entity/Q748454","Porsche Carrera GT","http://commons.wikimedia.org/wiki/Special:FilePath/Porsche%20Carrera%20GT%20-%20Goodwood%20Breakfast%20Club%20%28July%202008%29.jpg","https://no.wikipedia.org/wiki/Porsche_Carrera_GT","https://no.wikipedia.org/wiki/Porsche_Carrera_GT","Porsche","superbil","","34","1","164","Brian Snelson from Hockley, Essex, England","CC BY 2.0","https://creativecommons.org/licenses/by/2.0"
"http://www.wikidata.org/entity/Q247971","Porsche Cayman","http://commons.wikimedia.org/wiki/Special:FilePath/Porsche%20718%20Cayman%20GT4%20Motorworld%20Munich%201X7A0061.jpg","https://no.wikipedia.org/wiki/Porsche_Cayman","https://no.wikipedia.org/wiki/Porsche_Cayman","Porsche","Sportsbil","","32","0","125","Alexander-93","CC BY-SA 4.0","https://creativecommons.org/licenses/by-sa/4.0"
"http://www.wikidata.org/entity/Q282617","Shelby Mustang","http://commons.wikimedia.org/wiki/Special:FilePath/Ford%20Mustang%20Shelby%20G.T.%20500.jpg","https://no.wikipedia.org/wiki/Shelby_Mustang","https://no.wikipedia.org/wiki/Shelby_Mustang","Ford Motor Company","muskelbil","","21","0","106","Alexander Migl","CC BY-SA 4.0","https://creativecommons.org/licenses/by-sa/4.0"
"http://www.wikidata.org/entity/Q1476445","SAAB GT750","http://commons.wikimedia.org/wiki/Special:FilePath/1959-SAAB93B-750GT.jpg","https://no.wikipedia.org/wiki/SAAB_GT750","https://no.wikipedia.org/wiki/SAAB_GT750","SAAB","Sportsbil","","8","0","65","Liftarn","CC BY-SA 3.0","https://creativecommons.org/licenses/by-sa/3.0/"
"http://www.wikidata.org/entity/Q420564","SAAB Sonett","http://commons.wikimedia.org/wiki/Special:FilePath/SAAB94.jpg","https://no.wikipedia.org/wiki/SAAB_Sonett","https://no.wikipedia.org/wiki/SAAB_Sonett","SAAB","Sportsbil","","16","1","271","Liftarn","CC BY-SA 3.0","https://creativecommons.org/licenses/by-sa/3.0/"
"http://www.wikidata.org/entity/Q210893","Tesla Roadster","http://commons.wikimedia.org/wiki/Special:FilePath/Tesla%20Roadster%202011%20in%20Hobart%2C%20Tasmania.jpg","https://nn.wikipedia.org/wiki/Tesla_Roadster","https://no.wikipedia.org/wiki/Tesla_Roadster","Tesla, Inc.","Sportsbil","","41","0","258","Chuq","CC BY-SA 4.0","https://creativecommons.org/licenses/by-sa/4.0"
"http://www.wikidata.org/entity/Q1324772","Toyota 2000GT","http://commons.wikimedia.org/wiki/Special:FilePath/TOYOTA%202000GT.jpg","https://no.wikipedia.org/wiki/Toyota_2000GT","https://no.wikipedia.org/wiki/Toyota_2000GT","Toyota Motor Corporation","Sportsbil","","27","1","119","","CC BY-SA 3.0","https://creativecommons.org/licenses/by-sa/3.0/"
"http://www.wikidata.org/entity/Q334040","Toyota Celica","http://commons.wikimedia.org/wiki/Special:FilePath/Toyota%20Celica%20T230%20GT-S%20%28XLS%20887%29%20%281%29.jpg","https://no.wikipedia.org/wiki/Toyota_Celica","https://no.wikipedia.org/wiki/Toyota_Celica","Toyota Motor Corporation","Sportsbil","","38","1","285","Ethan Llamas","CC BY-SA 4.0","https://creativecommons.org/licenses/by-sa/4.0"
"http://www.wikidata.org/entity/Q1138779","Toyota GT86","http://commons.wikimedia.org/wiki/Special:FilePath/Subaru%20BRZ%20%2C%20Toronto.jpg","https://no.wikipedia.org/wiki/Toyota_GT86","https://no.wikipedia.org/wiki/Toyota_GT86","Subaru","Sportsbil","","28","0","130","Fabian Roudra Baroi","CC BY-SA 4.0","https://creativecommons.org/licenses/by-sa/4.0"
"http://www.wikidata.org/entity/Q1161691","Toyota MR2","http://commons.wikimedia.org/wiki/Special:FilePath/1997%20Toyota%20MR2%20GT.jpg","https://no.wikipedia.org/wiki/Toyota_MR2","https://no.wikipedia.org/wiki/Toyota_MR2","Toyota Motor Corporation","Sportsbil","1984-01-01T00:00:00Z","27","1","257","Calreyn88","CC BY-SA 4.0","https://creativecommons.org/licenses/by-sa/4.0"
"http://www.wikidata.org/entity/Q647404","Toyota Supra","http://commons.wikimedia.org/wiki/Special:FilePath/Toyota%20GR%20Supra%20%2854487414218%29.jpg","https://no.wikipedia.org/wiki/Toyota_Supra","https://no.wikipedia.org/wiki/Toyota_Supra","Toyota Motor Corporation","Sportsbil","","43","1","306","Tony Hisgett","CC BY 2.0","https://creativecommons.org/licenses/by/2.0"
"http://www.wikidata.org/entity/Q1498471","Triumph TR4","http://commons.wikimedia.org/wiki/Special:FilePath/Triumph%20TR4%20%28Hudson%29.JPG","https://no.wikipedia.org/wiki/Triumph_TR4","https://no.wikipedia.org/wiki/Triumph_TR4","Triumph","Sportsbil","","12","0","42","Bull-Doser","Public domain",""
"http://www.wikidata.org/entity/Q2003911","Ultima GTR","http://commons.wikimedia.org/wiki/Special:FilePath/Ultima%20GTR%202005.jpg","https://no.wikipedia.org/wiki/Ultima_GTR","https://no.wikipedia.org/wiki/Ultima_GTR","Ultima Sports","superbil","","11","0","39","DeFacto","CC BY-SA 2.5","https://creativecommons.org/licenses/by-sa/2.5"
"http://www.wikidata.org/entity/Q917166","Volkswagen Corrado","http://commons.wikimedia.org/wiki/Special:FilePath/Corrado%20rear.jpg","https://no.wikipedia.org/wiki/Volkswagen_Corrado","https://no.wikipedia.org/wiki/Volkswagen_Corrado","Volkswagen Group","Sportsbil","","28","0","96","Marcus Benthaus at de.wikipedia","CC BY-SA 2.0 de","https://creativecommons.org/licenses/by-sa/2.0/de/deed.en"
"http://www.wikidata.org/entity/Q1138262","Volkswagen Karmann Ghia","http://commons.wikimedia.org/wiki/Special:FilePath/Volkswagen%20Type%2014%2013-4-07.jpg","https://no.wikipedia.org/wiki/Volkswagen_Karmann_Ghia","https://no.wikipedia.org/wiki/Volkswagen_Karmann_Ghia","Volkswagen Group","Sportsbil","","21","1","197","Oxyman","CC BY 2.5","https://creativecommons.org/licenses/by/2.5"
"http://www.wikidata.org/entity/Q835078","Volkswagen Scirocco","http://commons.wikimedia.org/wiki/Special:FilePath/Blue%20VW%20Scirocco%20III%20R%20fr%20IAA%202009.JPG","https://no.wikipedia.org/wiki/Volkswagen_Scirocco","https://no.wikipedia.org/wiki/Volkswagen_Scirocco","Volkswagen Group","Sportsbil","","31","0","177","Matti Blume","CC BY-SA 3.0","https://creativecommons.org/licenses/by-sa/3.0"
"http://www.wikidata.org/entity/Q1417558","Volvo 262C","http://commons.wikimedia.org/wiki/Special:FilePath/Silver%20volvo%20262%20front.jpg","https://no.wikipedia.org/wiki/Volvo_262C","https://no.wikipedia.org/wiki/Volvo_262C","Volvo Personvagnar","grand tourer","","10","0","125","Matti Blume, MB-one","CC BY-SA 3.0","https://creativecommons.org/licenses/by-sa/3.0/"
"http://www.wikidata.org/entity/Q1755988","Volvo 780","http://commons.wikimedia.org/wiki/Special:FilePath/Volvo780.jpg","https://no.wikipedia.org/wiki/Volvo_780","https://no.wikipedia.org/wiki/Volvo_780","Aktiebolaget Volvo","grand tourer","","9","0","224","Jagvar","Public domain",""
